Isolate,Stx_type,virulencefinder_stx_complete,contig_stx_blast_assembly,bakta_stx_assembly,bakta_stx_complete,panaroo_stx_assembly,panaroo_stx_1%complete,panaroo_stx_10%complete,panaroo_stx_50%complete,panaroo_stx_90%complete,panaroo_stx_99%complete,panaroo_stx_complete,ggcaller_stx_assembly,ggcaller_stx_1%complete,ggcaller_stx_10%complete,ggcaller_stx_50%complete,ggcaller_stx_90%complete,ggcaller_stx_99%complete,ggcaller_stx_complete,ppanggolin_stx_assembly,ppanggolin_stx_1%complete,ppanggolin_stx_10%complete,ppanggolin_stx_50%complete,ppanggolin_stx_90%complete,ppanggolin_stx_99%complete,ppanggolin_stx_complete
DRR381601,stx_A,1,1,1,1,1,1,1,1,1,1,1,1,1,1,3,3,3,3,1,1,1,1,1,1,1
DRR381601,stx_B,1,1,1,1,1,1,1,1,1,1,1,1,1,1,2,2,2,2,1,1,1,1,1,1,1
DRR381603,stx_A,1,1,1,1,1,1,1,1,1,1,1,1,1,1,3,3,3,3,1,1,1,1,1,1,1
DRR381603,stx_B,1,1,1,1,1,1,1,1,1,1,1,1,1,1,2,1,1,1,1,1,1,1,1,1,1
DRR381607,stx_A,1,1,1,1,1,1,1,1,1,1,1,1,1,1,3,3,3,3,1,1,1,1,1,1,1
DRR381607,stx_B,1,1,1,1,1,1,1,1,1,1,1,1,1,1,1,1,1,1,1,1,1,1,1,1,1
DRR381616,stx_A,3,10,0,3,0,0,0,1,1,1,1,0,0,0,3,3,3,3,0,0,0,1,1,1,1
DRR381616,stx_B,3,4,0,3,0,0,0,2,2,2,2,0,0,0,2,2,2,2,0,0,0,1,1,1,1
DRR381634,stx_A,1,1,1,1,1,1,1,1,1,1,1,1,1,1,3,3,3,3,1,1,1,1,1,1,1
DRR381634,stx_B,1,1,1,1,1,1,1,1,1,1,1,1,1,1,2,2,2,2,1,1,1,1,1,1,1
DRR381635,stx_A,1,1,1,1,1,1,1,1,1,1,1,1,1,1,3,3,3,3,1,1,1,1,1,1,1
DRR381635,stx_B,1,1,1,1,1,1,1,1,1,1,1,1,1,1,2,1,1,1,1,1,1,1,1,1,1
DRR381661,stx_A,2,4,1,2,1,1,1,1,1,1,1,1,1,1,1,3,3,3,1,1,1,1,1,1,1
DRR381661,stx_B,2,4,0,2,0,0,0,0,2,2,2,0,0,0,0,2,2,2,0,0,0,0,1,1,1
DRR381665,stx_A,2,4,1,2,1,1,1,1,1,1,1,1,1,1,3,3,3,3,1,1,1,1,1,1,1
DRR381665,stx_B,2,4,0,2,0,0,0,2,2,2,2,0,0,0,2,2,2,2,0,0,0,1,1,1,1
DRR381669,stx_A,1,1,1,1,1,1,1,1,1,1,1,1,1,1,3,3,3,3,1,1,1,1,1,1,1
DRR381669,stx_B,1,1,1,1,1,1,1,1,1,1,1,1,1,1,1,1,1,1,1,1,1,1,1,1,1
DRR381701,stx_A,2,4,1,2,1,1,1,1,1,1,1,1,1,1,3,3,3,3,1,1,1,1,1,1,1
DRR381701,stx_B,2,4,0,2,0,0,0,2,2,2,2,0,0,0,2,2,2,2,0,0,0,1,1,1,1
DRR381723,stx_A,2,3,2,2,1,1,1,1,1,1,1,2,2,2,3,3,3,3,1,1,1,1,1,1,1
DRR381723,stx_B,2,2,2,2,2,2,2,2,2,2,2,2,2,2,2,2,2,2,1,1,1,1,1,1,1
DRR381735,stx_A,1,1,1,1,1,1,1,1,1,1,1,1,1,1,3,3,3,3,1,1,1,1,1,1,1
DRR381735,stx_B,1,1,1,1,1,1,1,1,1,1,1,1,1,1,2,1,1,1,1,1,1,1,1,1,1
DRR381740,stx_A,1,1,1,1,1,1,1,1,1,1,1,1,1,1,3,3,3,3,1,1,1,1,1,1,1
DRR381740,stx_B,1,1,1,1,1,1,1,1,1,1,1,1,1,1,1,1,1,1,1,1,1,1,1,1,1
DRR381743,stx_A,1,1,1,1,1,1,1,1,1,1,1,1,1,1,3,3,3,3,1,1,1,1,1,1,1
DRR381743,stx_B,1,1,1,1,1,1,1,1,1,1,1,1,1,1,1,1,1,1,1,1,1,1,1,1,1
DRR381744,stx_A,1,1,1,1,1,1,1,1,1,1,1,1,1,1,3,3,3,3,1,1,1,1,1,1,1
DRR381744,stx_B,1,1,1,1,1,1,1,1,1,1,1,1,1,1,1,1,1,1,1,1,1,1,1,1,1
DRR381745,stx_A,1,1,1,1,1,1,1,1,1,1,1,1,1,1,3,3,3,3,1,1,1,1,1,1,1
DRR381745,stx_B,1,1,1,1,1,1,1,1,1,1,1,1,1,1,1,1,1,1,1,1,1,1,1,1,1
DRR381749,stx_A,1,1,1,1,1,1,1,1,1,1,1,1,1,1,3,3,3,3,1,1,1,1,1,1,1
DRR381749,stx_B,1,1,1,1,1,1,1,1,1,1,1,1,1,1,1,1,1,1,1,1,1,1,1,1,1
SRR10119255,stx_A,2,2,2,2,2,2,2,2,2,2,2,2,2,2,4,4,4,4,2,2,2,2,2,2,2
SRR10119255,stx_B,2,2,2,2,2,2,2,2,2,2,2,2,2,2,2,2,2,2,2,2,2,2,2,2,2
SRR10119414,stx_A,1,1,1,1,1,1,1,1,1,1,1,1,1,1,3,3,3,3,1,1,1,1,1,1,1
SRR10119414,stx_B,1,1,1,1,1,1,1,1,1,1,1,1,1,1,2,1,1,1,1,1,1,1,1,1,1
SRR10337442,stx_A,1,1,1,1,1,1,1,1,1,1,1,1,1,1,1,1,1,1,1,1,1,1,1,1,1
SRR10337442,stx_B,1,1,1,1,1,1,1,1,1,1,1,1,1,1,1,1,1,1,1,1,1,1,1,1,1
SRR10506462,stx_A,1,1,1,1,1,1,1,1,1,1,1,1,1,1,3,3,3,3,1,1,1,1,1,1,1
SRR10506462,stx_B,1,1,1,1,1,1,1,1,1,1,1,1,1,1,1,1,1,1,1,1,1,1,1,1,1
SRR10520171,stx_A,2,2,2,2,2,2,2,2,2,2,2,2,2,2,2,4,4,4,2,2,2,2,2,2,2
SRR10520171,stx_B,2,3,1,2,1,1,1,1,2,2,2,2,2,2,1,2,2,2,1,1,1,1,2,2,2
SRR13160357,stx_A,2,2,2,2,2,2,2,2,2,2,2,3,3,3,4,4,4,4,2,2,2,2,2,2,2
SRR13160357,stx_B,2,2,2,2,2,2,2,2,2,2,2,2,2,2,2,2,2,2,2,2,2,2,2,2,2
SRR13160359,stx_A,2,2,2,2,2,2,2,2,2,2,2,2,2,2,4,4,4,4,2,2,2,2,2,2,2
SRR13160359,stx_B,2,2,2,2,2,2,2,2,2,2,2,2,2,2,2,2,2,2,2,2,2,2,2,2,2
SRR13160360,stx_A,2,6,0,2,0,0,0,0,1,1,1,0,0,0,0,3,3,3,0,0,0,0,1,1,1
SRR13160360,stx_B,2,4,0,2,0,0,0,0,2,2,2,0,0,0,0,2,2,2,0,0,0,0,1,1,1
SRR13167188,stx_A,2,2,2,2,2,2,2,2,2,2,2,2,2,2,4,4,4,4,2,2,2,2,2,2,2
SRR13167188,stx_B,2,2,2,2,2,2,2,2,2,2,2,2,2,2,2,2,2,2,2,2,2,2,2,2,2
SRR14419375,stx_A,1,1,1,1,1,1,1,1,1,1,1,2,2,2,3,3,3,3,1,1,1,1,1,1,1
SRR14419375,stx_B,1,1,1,1,1,1,1,1,1,1,1,1,1,1,1,1,1,1,1,1,1,1,1,1,1
SRR14419377,stx_A,2,2,2,2,2,2,2,2,2,2,2,3,3,3,4,4,4,4,2,2,2,2,2,2,2
SRR14419377,stx_B,2,2,2,2,2,2,2,2,2,2,2,2,2,2,2,2,2,2,2,2,2,2,2,2,2
SRR14419379,stx_A,2,4,1,2,1,1,1,1,1,1,1,1,1,2,3,0,3,3,1,1,1,1,1,1,1
SRR14419379,stx_B,2,4,0,2,0,0,2,2,0,2,2,0,0,2,2,0,2,2,0,0,1,1,0,1,1
SRR14419381,stx_A,2,6,0,2,0,0,0,0,1,1,1,0,0,0,0,3,3,3,0,0,0,0,1,1,1
SRR14419381,stx_B,2,4,0,2,0,0,0,0,2,2,2,0,0,0,0,2,2,2,0,0,0,0,1,1,1
SRR14419383,stx_A,2,4,1,2,1,1,1,1,1,1,1,1,1,1,3,3,3,3,1,1,1,1,1,1,1
SRR14419383,stx_B,2,4,0,2,0,0,0,2,2,2,2,0,0,0,2,2,2,2,0,0,0,1,1,1,1
SRR14419387,stx_A,2,6,0,2,0,0,0,0,1,1,1,0,0,0,0,3,3,3,0,0,0,0,1,1,1
SRR14419387,stx_B,2,4,0,2,0,0,0,0,2,2,2,0,0,0,0,2,2,2,0,0,0,0,1,1,1
SRR1509643,stx_A,2,2,2,2,2,2,2,2,2,2,2,2,2,2,4,4,4,4,2,2,2,2,2,2,2
SRR1509643,stx_B,2,2,2,2,2,2,2,2,2,2,2,2,2,2,3,3,3,3,2,2,2,2,2,2,2
SRR15277995,stx_A,3,2,2,3,2,2,2,2,2,2,2,2,2,2,4,4,4,4,2,2,2,2,2,2,2
SRR15277995,stx_B,3,2,2,3,2,2,2,2,2,2,2,2,2,2,2,2,2,2,2,2,2,2,2,2,2
SRR15277999,stx_A,3,2,2,3,2,2,2,2,2,2,2,2,2,2,4,4,4,4,2,2,2,2,2,2,2
SRR15277999,stx_B,3,2,2,3,2,2,2,2,2,2,2,2,2,2,2,2,2,2,2,2,2,2,2,2,2
SRR15376141,stx_A,2,6,0,2,0,0,0,1,1,1,1,0,0,0,3,3,3,3,0,0,0,1,1,1,1
SRR15376141,stx_B,2,4,0,2,0,0,0,2,2,2,2,0,0,0,2,2,2,2,0,0,0,1,1,1,1
SRR15376142,stx_A,2,6,0,2,0,0,0,0,1,1,1,0,0,0,0,3,3,3,0,0,0,0,1,1,1
SRR15376142,stx_B,2,4,0,2,0,0,0,0,2,2,2,0,0,0,0,2,2,2,0,0,0,0,1,1,1
SRR15376143,stx_A,2,6,0,2,0,0,0,1,1,1,1,0,0,0,3,3,3,3,0,0,0,1,1,1,1
SRR15376143,stx_B,2,4,0,2,0,0,0,2,2,2,2,0,0,0,2,2,2,2,0,0,0,1,1,1,1
SRR15376144,stx_A,2,6,0,2,0,0,1,1,0,1,1,0,0,2,3,0,3,3,0,0,1,1,0,1,1
SRR15376144,stx_B,2,4,0,2,0,0,2,2,0,2,2,0,0,2,2,0,2,2,0,0,1,1,0,1,1
SRR15376145,stx_A,2,6,0,2,0,0,0,0,1,1,1,0,0,0,0,3,3,3,0,0,0,0,1,1,1
SRR15376145,stx_B,2,4,0,2,0,0,0,0,2,2,2,0,0,0,0,2,2,2,0,0,0,0,1,1,1
SRR15376146,stx_A,2,6,0,2,0,0,0,0,1,1,1,0,0,0,0,3,3,3,0,0,0,0,1,1,1
SRR15376146,stx_B,2,4,0,2,0,0,0,0,2,2,2,0,0,0,0,2,2,2,0,0,0,0,1,1,1
SRR15376147,stx_A,2,6,0,2,0,0,0,1,1,1,1,0,0,0,3,3,3,3,0,0,0,1,1,1,1
SRR15376147,stx_B,2,4,0,2,0,0,0,2,2,2,2,0,0,0,2,2,2,2,0,0,0,1,1,1,1
SRR15376149,stx_A,2,6,0,2,0,0,0,0,1,1,1,0,0,0,0,3,3,3,0,0,0,0,1,1,1
SRR15376149,stx_B,2,4,0,2,0,0,0,0,2,2,2,0,0,0,0,2,2,2,0,0,0,0,1,1,1
SRR15376150,stx_A,2,6,0,2,0,0,0,0,1,1,1,0,0,0,0,3,3,3,0,0,0,0,1,1,1
SRR15376150,stx_B,2,4,0,2,0,0,0,0,2,2,2,0,0,0,0,2,2,2,0,0,0,0,1,1,1
SRR15376151,stx_A,2,6,0,2,0,0,0,1,1,1,1,0,0,0,3,3,3,3,0,0,0,1,1,1,1
SRR15376151,stx_B,2,4,0,2,0,0,0,2,2,2,2,0,0,0,2,2,2,2,0,0,0,1,1,1,1
SRR15376152,stx_A,2,3,1,2,1,1,1,1,1,1,1,1,1,1,3,3,3,3,1,1,1,1,1,1,1
SRR15376152,stx_B,2,1,1,2,1,1,1,1,1,1,1,1,1,1,1,1,1,1,1,1,1,1,1,1,1
SRR15376153,stx_A,2,6,0,2,0,0,0,1,1,1,1,0,0,0,3,3,3,3,0,0,0,1,1,1,1
SRR15376153,stx_B,2,4,0,2,0,0,0,2,2,2,2,0,0,0,2,2,2,2,0,0,0,1,1,1,1
SRR15376154,stx_A,2,6,0,2,0,0,0,1,1,1,1,0,0,0,3,3,3,3,0,0,0,1,1,1,1
SRR15376154,stx_B,2,4,0,2,0,0,0,2,2,2,2,0,0,0,2,2,2,2,0,0,0,1,1,1,1
SRR15415532,stx_A,2,2,2,2,2,2,2,2,2,2,2,3,3,3,4,4,4,4,2,2,2,2,2,2,2
SRR15415532,stx_B,2,2,2,2,2,2,2,2,2,2,2,2,2,2,2,2,2,2,2,2,2,2,2,2,2
SRR15415538,stx_A,2,2,2,2,2,2,2,2,2,2,2,3,3,3,4,4,4,4,2,2,2,2,2,2,2
SRR15415538,stx_B,2,2,2,2,2,2,2,2,2,2,2,2,2,2,2,2,2,2,2,2,2,2,2,2,2
SRR15415539,stx_A,3,9,1,3,1,1,1,3,3,3,3,1,1,1,4,4,4,4,1,1,1,2,2,2,2
SRR15415539,stx_B,3,4,1,3,1,1,1,3,3,3,3,1,1,1,3,3,3,3,1,1,1,2,2,2,2
SRR15415540,stx_A,1,1,1,1,1,1,1,1,1,1,1,2,2,2,3,3,3,3,1,1,1,1,1,1,1
SRR15415540,stx_B,1,1,1,1,1,1,1,1,1,1,1,1,1,1,1,1,1,1,1,1,1,1,1,1,1
SRR15415542,stx_A,1,1,1,1,1,1,1,1,1,1,1,2,2,2,3,3,3,3,1,1,1,1,1,1,1
SRR15415542,stx_B,1,1,1,1,1,1,1,1,1,1,1,1,1,1,1,1,1,1,1,1,1,1,1,1,1
SRR15415547,stx_A,1,1,1,1,1,1,1,1,1,1,1,1,1,1,1,1,1,1,1,1,1,1,1,1,1
SRR15415547,stx_B,1,1,1,1,1,1,1,1,1,1,1,1,1,1,1,1,1,1,1,1,1,1,1,1,1
SRR15415549,stx_A,2,2,2,2,2,2,2,2,2,2,2,2,2,2,4,4,4,4,2,2,2,2,2,2,2
SRR15415549,stx_B,2,2,2,2,2,2,2,2,2,2,2,2,2,2,2,2,2,3,2,2,2,2,2,2,2
SRR15415554,stx_A,2,2,2,2,2,2,2,2,2,2,2,3,3,3,4,4,4,4,2,2,2,2,2,2,2
SRR15415554,stx_B,2,2,2,2,2,2,2,2,2,2,2,2,2,2,2,2,2,2,2,2,2,2,2,2,2
SRR15415555,stx_A,1,1,1,1,1,1,1,1,1,1,1,2,2,2,3,3,3,3,1,1,1,1,1,1,1
SRR15415555,stx_B,1,1,1,1,1,1,1,1,1,1,1,1,1,1,1,1,1,1,1,1,1,1,1,1,1
SRR15415556,stx_A,2,2,2,2,2,2,2,2,2,2,2,3,3,3,4,4,4,4,2,2,2,2,2,2,2
SRR15415556,stx_B,2,2,2,2,2,2,2,2,2,2,2,2,2,2,2,2,2,2,2,2,2,2,2,2,2
SRR15415557,stx_A,2,2,2,2,2,2,2,2,2,2,2,2,2,2,4,4,4,4,2,2,2,2,2,2,2
SRR15415557,stx_B,2,2,2,2,2,2,2,2,2,2,2,2,2,2,2,2,2,2,2,2,2,2,2,2,2
SRR15415573,stx_A,2,2,2,2,2,2,2,2,2,2,2,2,2,2,4,4,4,4,2,2,2,2,2,2,2
SRR15415573,stx_B,2,2,2,2,2,2,2,2,2,2,2,2,2,2,3,3,3,3,2,2,2,2,2,2,2
SRR15415574,stx_A,1,1,1,1,1,1,1,1,1,1,1,1,1,1,3,3,3,3,1,1,1,1,1,1,1
SRR15415574,stx_B,1,1,1,1,1,1,1,1,1,1,1,1,1,1,1,1,1,2,1,1,1,1,1,1,1
SRR15415578,stx_A,1,1,1,1,1,1,1,1,1,1,1,2,2,2,3,3,3,3,1,1,1,1,1,1,1
SRR15415578,stx_B,1,1,1,1,1,1,1,1,1,1,1,1,1,1,1,1,1,1,1,1,1,1,1,1,1
SRR15415580,stx_A,1,1,1,1,1,1,1,1,1,1,1,1,1,1,3,3,3,3,1,1,1,1,1,1,1
SRR15415580,stx_B,1,1,1,1,1,1,1,1,1,1,1,1,1,1,2,2,2,2,1,1,1,1,1,1,1
SRR15415610,stx_A,1,1,1,1,1,1,1,1,1,1,1,2,2,2,3,3,3,3,1,1,1,1,1,1,1
SRR15415610,stx_B,1,1,1,1,1,1,1,1,1,1,1,1,1,1,1,1,1,1,1,1,1,1,1,1,1
SRR15415611,stx_A,1,1,1,1,1,1,1,1,1,1,1,2,2,2,3,3,3,3,1,1,1,1,1,1,1
SRR15415611,stx_B,1,1,1,1,1,1,1,1,1,1,1,1,1,1,1,1,1,1,1,1,1,1,1,1,1
SRR15415613,stx_A,2,2,2,2,2,2,2,2,2,2,2,2,2,2,4,4,4,4,2,2,2,2,2,2,2
SRR15415613,stx_B,2,2,2,2,2,2,2,2,2,2,2,2,2,2,2,3,3,3,2,2,2,2,2,2,2
SRR15415621,stx_A,1,1,1,1,1,1,1,1,1,1,1,1,1,1,3,3,3,3,1,1,1,1,1,1,1
SRR15415621,stx_B,1,1,1,1,1,1,1,1,1,1,1,1,1,1,1,1,1,1,1,1,1,1,1,1,1
SRR15415622,stx_A,2,2,2,2,2,2,2,2,2,2,2,2,2,2,4,4,4,4,2,2,2,2,2,2,2
SRR15415622,stx_B,2,2,2,2,2,2,2,2,2,2,2,2,2,2,2,2,2,2,2,2,2,2,2,2,2
SRR15415624,stx_A,2,6,0,2,0,0,0,1,1,1,1,0,0,0,3,3,3,3,0,0,0,1,1,1,1
SRR15415624,stx_B,2,4,0,2,0,0,0,2,2,2,2,0,0,0,2,2,2,2,0,0,0,1,1,1,1
SRR15674630,stx_A,2,2,2,2,2,2,2,2,2,2,2,3,3,3,4,4,4,4,2,2,2,2,2,2,2
SRR15674630,stx_B,2,2,2,2,2,2,2,2,2,2,2,2,2,2,2,2,2,2,2,2,2,2,2,2,2
SRR1714120,stx_A,1,1,1,1,1,1,1,1,1,1,1,1,1,1,3,3,3,3,1,1,1,1,1,1,1
SRR1714120,stx_B,1,1,1,1,1,1,1,1,1,1,1,1,1,1,2,2,2,2,1,1,1,1,1,1,1
SRR23929852,stx_A,1,1,1,1,1,1,1,1,1,1,1,1,1,1,1,1,1,1,1,1,1,1,1,1,1
SRR23929852,stx_B,1,1,1,1,1,1,1,1,1,1,1,1,1,1,1,1,1,1,1,1,1,1,1,1,1
SRR25510170,stx_A,4,2,2,4,2,2,2,2,2,2,2,2,2,2,4,4,4,4,2,2,2,2,2,2,2
SRR25510170,stx_B,4,2,2,4,2,2,2,2,2,2,2,2,2,2,2,2,2,2,2,2,2,2,2,2,2
SRR25523643,stx_A,2,2,2,2,2,2,2,2,2,2,2,2,2,2,4,4,4,4,2,2,2,2,2,2,2
SRR25523643,stx_B,2,2,2,2,2,2,2,2,2,2,2,2,2,2,2,2,2,2,2,2,2,2,2,2,2
SRR25523645,stx_A,2,2,2,2,2,2,2,2,2,2,2,2,2,2,4,4,4,4,2,2,2,2,2,2,2
SRR25523645,stx_B,2,2,2,2,2,2,2,2,2,2,2,2,2,2,3,2,2,2,2,2,2,2,2,2,2
SRR25551086,stx_A,2,2,2,2,2,2,2,2,2,2,2,2,2,2,4,4,4,4,2,2,2,2,2,2,2
SRR25551086,stx_B,2,2,2,2,2,2,2,2,2,2,2,2,2,2,2,2,2,2,2,2,2,2,2,2,2
SRR25603927,stx_A,2,2,2,2,2,2,2,2,2,2,2,2,2,2,4,4,4,4,2,2,2,2,2,2,2
SRR25603927,stx_B,2,2,2,2,2,2,2,2,2,2,2,2,2,2,2,2,2,2,2,2,2,2,2,2,2
SRR25603929,stx_A,2,2,2,2,2,2,2,2,2,2,2,2,2,2,4,4,4,4,2,2,2,2,2,2,2
SRR25603929,stx_B,2,2,2,2,2,2,2,2,2,2,2,2,2,2,2,2,2,2,2,2,2,2,2,2,2
SRR25603930,stx_A,2,2,2,2,2,2,2,2,2,2,2,2,2,2,4,4,4,4,2,2,2,2,2,2,2
SRR25603930,stx_B,2,2,2,2,2,2,2,2,2,2,2,2,2,2,2,2,2,2,2,2,2,2,2,2,2
SRR2914453,stx_A,2,2,2,2,2,2,2,2,2,2,2,3,3,3,4,4,4,4,2,2,2,2,2,2,2
SRR2914453,stx_B,2,2,2,2,2,2,2,2,2,2,2,2,2,2,2,2,2,2,2,2,2,2,2,2,2
SRR2914455,stx_A,2,2,2,2,2,2,2,2,2,2,2,3,3,3,4,4,4,4,2,2,2,2,2,2,2
SRR2914455,stx_B,2,2,2,2,2,2,2,2,2,2,2,2,2,2,2,2,2,2,2,2,2,2,2,2,2
SRR3180501,stx_A,2,4,1,2,1,1,1,1,1,1,1,1,1,1,1,3,3,3,1,1,1,1,1,1,1
SRR3180501,stx_B,2,4,0,2,0,0,0,0,2,2,2,0,0,0,0,2,2,2,0,0,0,0,1,1,1
SRR3180502,stx_A,1,1,1,1,1,1,1,1,1,1,1,1,1,1,3,3,3,3,1,1,1,1,1,1,1
SRR3180502,stx_B,1,1,1,1,1,1,1,1,1,1,1,1,1,1,1,2,2,2,1,1,1,1,1,1,1
SRR3180707,stx_A,2,3,2,2,1,1,1,1,1,1,1,2,2,2,3,3,3,3,1,1,1,1,1,1,1
SRR3180707,stx_B,2,2,2,2,2,2,2,2,2,2,2,2,2,2,2,2,2,2,1,1,1,1,1,1,1
SRR3191403,stx_A,2,2,2,2,2,2,2,2,2,2,2,3,3,3,4,4,4,4,2,2,2,2,2,2,2
SRR3191403,stx_B,2,2,2,2,2,2,2,2,2,2,2,2,2,2,2,2,2,2,2,2,2,2,2,2,2
SRR3195765,stx_A,2,2,2,2,2,2,2,2,2,2,2,2,2,2,4,4,4,4,2,2,2,2,2,2,2
SRR3195765,stx_B,2,2,2,2,2,2,2,2,2,2,2,2,2,2,2,2,2,2,2,2,2,2,2,2,2
SRR3195836,stx_A,1,1,1,1,1,1,1,1,1,1,1,2,2,2,3,3,3,3,1,1,1,1,1,1,1
SRR3195836,stx_B,1,1,1,1,1,1,1,1,1,1,1,1,1,1,1,1,1,1,1,1,1,1,1,1,1
SRR3195839,stx_A,1,1,1,1,1,1,1,1,1,1,1,2,2,2,3,3,3,3,1,1,1,1,1,1,1
SRR3195839,stx_B,1,1,1,1,1,1,1,1,1,1,1,1,1,1,1,1,1,1,1,1,1,1,1,1,1
SRR3195840,stx_A,2,2,2,2,2,2,2,2,2,2,2,2,2,2,4,4,4,4,2,2,2,2,2,2,2
SRR3195840,stx_B,2,2,2,2,2,2,2,2,2,2,2,2,2,2,2,2,2,2,2,2,2,2,2,2,2
SRR3195841,stx_A,1,1,1,1,1,1,1,1,1,1,1,2,2,2,3,3,3,3,1,1,1,1,1,1,1
SRR3195841,stx_B,1,1,1,1,1,1,1,1,1,1,1,1,1,1,1,1,1,1,1,1,1,1,1,1,1
SRR3195851,stx_A,1,1,1,1,1,1,1,1,1,1,1,2,2,2,3,3,3,3,1,1,1,1,1,1,1
SRR3195851,stx_B,1,1,1,1,1,1,1,1,1,1,1,1,1,1,1,1,1,1,1,1,1,1,1,1,1
SRR3195852,stx_A,1,1,1,1,1,1,1,1,1,1,1,2,2,2,3,3,3,3,1,1,1,1,1,1,1
SRR3195852,stx_B,1,1,1,1,1,1,1,1,1,1,1,1,1,1,1,1,1,1,1,1,1,1,1,1,1
SRR3205742,stx_A,2,2,2,2,2,2,2,2,2,2,2,2,2,2,4,4,4,4,2,2,2,2,2,2,2
SRR3205742,stx_B,2,2,2,2,2,2,2,2,2,2,2,2,2,2,2,2,2,2,2,2,2,2,2,2,2
SRR3205757,stx_A,2,6,0,2,0,0,0,1,1,1,1,0,0,0,3,3,3,3,0,0,0,1,1,1,1
SRR3205757,stx_B,2,4,0,2,0,0,0,2,2,2,2,0,0,0,2,2,2,2,0,0,0,1,1,1,1
SRR3224568,stx_A,1,2,1,1,1,1,1,1,1,1,1,1,1,1,1,3,3,3,1,1,1,1,1,1,1
SRR3224568,stx_B,1,2,0,1,0,0,0,0,1,1,1,0,0,0,0,1,1,1,0,0,0,0,1,1,1
SRR3224814,stx_A,2,2,2,2,2,2,2,2,2,2,2,2,2,2,4,4,4,4,2,2,2,2,2,2,2
SRR3224814,stx_B,2,2,2,2,2,2,2,2,2,2,2,2,2,2,3,3,3,3,2,2,2,2,2,2,2
SRR4301494,stx_A,1,1,1,1,1,1,1,1,1,1,1,2,2,2,3,3,3,3,1,1,1,1,1,1,1
SRR4301494,stx_B,1,1,1,1,1,1,1,1,1,1,1,1,1,1,1,1,1,1,1,1,1,1,1,1,1
SRR4301497,stx_A,2,6,0,2,0,0,0,0,1,1,1,0,0,0,0,3,3,3,0,0,0,0,1,1,1
SRR4301497,stx_B,2,4,0,2,0,0,0,0,2,2,2,0,0,0,0,2,2,2,0,0,0,0,1,1,1
SRR4301513,stx_A,2,2,2,2,2,2,2,2,2,2,2,3,3,3,4,4,4,4,2,2,2,2,2,2,2
SRR4301513,stx_B,2,2,2,2,2,2,2,2,2,2,2,2,2,2,2,2,2,2,2,2,2,2,2,2,2
SRR4301514,stx_A,2,2,2,2,2,2,2,2,2,2,2,2,2,2,4,4,4,4,2,2,2,2,2,2,2
SRR4301514,stx_B,2,2,2,2,2,2,2,2,2,2,2,2,2,2,2,3,3,3,2,2,2,2,2,2,2
SRR4301519,stx_A,2,2,2,2,2,2,2,2,2,2,2,3,3,3,4,4,4,4,2,2,2,2,2,2,2
SRR4301519,stx_B,2,2,2,2,2,2,2,2,2,2,2,2,2,2,2,2,2,2,2,2,2,2,2,2,2
SRR4301521,stx_A,2,1,1,2,1,1,1,1,1,1,1,2,2,2,3,3,3,3,1,1,1,1,1,1,1
SRR4301521,stx_B,2,1,1,2,1,1,1,1,1,1,1,1,1,1,1,1,1,1,1,1,1,1,1,1,1
SRR4301522,stx_A,1,1,1,1,1,1,1,1,1,1,1,2,2,2,3,3,3,3,1,1,1,1,1,1,1
SRR4301522,stx_B,1,1,1,1,1,1,1,1,1,1,1,1,1,1,1,1,1,1,1,1,1,1,1,1,1
SRR4301525,stx_A,1,1,1,1,1,1,1,1,1,1,1,2,2,2,3,3,3,3,1,1,1,1,1,1,1
SRR4301525,stx_B,1,1,1,1,1,1,1,1,1,1,1,1,1,1,1,1,1,1,1,1,1,1,1,1,1
SRR4301527,stx_A,2,2,2,2,2,2,2,2,2,2,2,3,3,3,4,4,4,4,2,2,2,2,2,2,2
SRR4301527,stx_B,2,2,2,2,2,2,2,2,2,2,2,2,2,2,2,2,2,2,2,2,2,2,2,2,2
SRR4301531,stx_A,2,2,2,2,2,2,2,2,2,2,2,2,2,2,4,4,4,4,2,2,2,2,2,2,2
SRR4301531,stx_B,2,2,2,2,2,2,2,2,2,2,2,2,2,2,2,2,3,3,2,2,2,2,2,2,2
SRR4301544,stx_A,2,2,2,2,2,2,2,2,2,2,2,2,2,2,4,4,4,4,2,2,2,2,2,2,2
SRR4301544,stx_B,2,2,2,2,2,2,2,2,2,2,2,2,2,2,3,3,3,3,2,2,2,2,2,2,2
SRR4301548,stx_A,1,1,1,1,1,1,1,1,1,1,1,1,1,1,3,3,3,3,1,1,1,1,1,1,1
SRR4301548,stx_B,1,1,1,1,1,1,1,1,1,1,1,1,1,1,2,2,2,2,1,1,1,1,1,1,1
SRR4301554,stx_A,1,1,1,1,1,1,1,1,1,1,1,2,2,2,3,3,3,3,1,1,1,1,1,1,1
SRR4301554,stx_B,1,1,1,1,1,1,1,1,1,1,1,1,1,1,1,1,1,1,1,1,1,1,1,1,1
SRR4301555,stx_A,1,1,1,1,1,1,1,1,1,1,1,1,1,1,3,3,3,3,1,1,1,1,1,1,1
SRR4301555,stx_B,1,1,1,1,1,1,1,1,1,1,1,1,1,1,2,1,1,1,1,1,1,1,1,1,1
SRR4301562,stx_A,1,1,1,1,1,1,1,1,1,1,1,1,1,1,1,1,1,1,1,1,1,1,1,1,1
SRR4301562,stx_B,1,2,0,0,0,0,0,0,0,0,0,1,1,1,0,0,0,0,0,0,0,0,0,0,0
SRR4301564,stx_A,1,1,1,1,1,1,1,1,1,1,1,2,2,2,3,3,3,3,1,1,1,1,1,1,1
SRR4301564,stx_B,1,1,1,1,1,1,1,1,1,1,1,1,1,1,1,1,1,1,1,1,1,1,1,1,1
SRR4301569,stx_A,2,2,2,2,2,2,2,2,2,2,2,3,3,3,4,4,4,4,2,2,2,2,2,2,2
SRR4301569,stx_B,2,2,2,2,2,2,2,2,2,2,2,2,2,2,2,2,2,2,2,2,2,2,2,2,2
SRR4301571,stx_A,1,1,1,1,1,1,1,1,1,1,1,2,2,2,3,3,3,3,1,1,1,1,1,1,1
SRR4301571,stx_B,1,1,1,1,1,1,1,1,1,1,1,1,1,1,1,1,1,1,1,1,1,1,1,1,1
SRR4301574,stx_A,2,1,1,2,1,1,1,1,1,1,1,2,2,2,3,3,3,3,1,1,1,1,1,1,1
SRR4301574,stx_B,2,1,1,2,1,1,1,1,1,1,1,1,1,1,1,1,1,1,1,1,1,1,1,1,1
SRR4301577,stx_A,1,1,1,1,1,1,1,1,1,1,1,2,2,2,3,3,3,3,1,1,1,1,1,1,1
SRR4301577,stx_B,1,1,1,1,1,1,1,1,1,1,1,1,1,1,1,1,1,1,1,1,1,1,1,1,1
SRR4301579,stx_A,1,1,1,1,1,1,1,1,1,1,1,2,2,2,3,3,3,3,1,1,1,1,1,1,1
SRR4301579,stx_B,1,1,1,1,1,1,1,1,1,1,1,1,1,1,1,1,1,1,1,1,1,1,1,1,1
SRR4301588,stx_A,1,1,1,1,1,1,1,1,1,1,1,2,2,2,3,3,3,3,1,1,1,1,1,1,1
SRR4301588,stx_B,1,1,1,1,1,1,1,1,1,1,1,1,1,1,1,1,1,1,1,1,1,1,1,1,1
SRR5413253,stx_A,2,2,2,2,2,2,2,2,2,2,2,3,3,3,4,4,4,4,2,2,2,2,2,2,2
SRR5413253,stx_B,2,2,2,2,2,2,2,2,2,2,2,2,2,2,2,2,2,2,2,2,2,2,2,2,2
SRR5864678,stx_A,2,6,0,2,0,0,0,1,1,1,1,0,0,0,3,3,3,3,0,0,0,1,1,1,1
SRR5864678,stx_B,2,4,0,2,0,0,0,2,2,2,2,0,0,0,2,2,2,2,0,0,0,1,1,1,1
SRR5870510,stx_A,2,8,0,2,0,0,0,1,1,1,1,0,0,0,3,3,3,3,0,0,0,1,1,1,1
SRR5870510,stx_B,2,4,0,2,0,0,0,2,2,2,2,0,0,0,2,2,2,2,0,0,0,1,1,1,1
SRR6118141,stx_A,2,2,1,2,1,1,1,1,1,1,1,1,1,1,3,3,3,3,1,1,1,1,1,1,1
SRR6118141,stx_B,2,1,1,2,1,1,1,1,1,1,1,1,1,1,1,2,2,2,1,1,1,1,1,1,1
SRR6118142,stx_A,2,2,1,2,1,1,1,1,1,1,1,1,1,1,3,3,3,3,1,1,1,1,1,1,1
SRR6118142,stx_B,2,1,1,2,1,1,1,1,1,1,1,1,1,1,2,2,2,2,1,1,1,1,1,1,1
SRR6373397,stx_A,2,6,0,2,0,0,0,1,1,1,1,0,0,0,3,3,3,3,0,0,0,1,1,1,1
SRR6373397,stx_B,2,4,0,2,0,0,0,2,2,2,2,0,0,0,2,2,2,2,0,0,0,1,1,1,1
SRR6929601,stx_A,1,1,1,1,1,1,1,1,1,1,1,2,2,2,3,3,3,3,1,1,1,1,1,1,1
SRR6929601,stx_B,1,1,1,1,1,1,1,1,1,1,1,1,1,1,1,1,1,1,1,1,1,1,1,1,1
SRR6929602,stx_A,1,1,1,1,1,1,1,1,1,1,1,2,2,2,3,3,3,3,1,1,1,1,1,1,1
SRR6929602,stx_B,1,1,1,1,1,1,1,1,1,1,1,1,1,1,1,1,1,1,1,1,1,1,1,1,1
SRR6929603,stx_A,1,1,1,1,1,1,1,1,1,1,1,1,1,1,1,1,1,1,1,1,1,1,1,1,1
SRR6929603,stx_B,1,1,1,1,1,1,1,1,1,1,1,1,1,1,1,1,1,1,1,1,1,1,1,1,1
SRR6929604,stx_A,1,1,1,1,1,1,1,1,1,1,1,1,1,1,1,1,1,1,1,1,1,1,1,1,1
SRR6929604,stx_B,1,1,1,1,1,1,1,1,1,1,1,1,1,1,1,1,1,1,1,1,1,1,1,1,1
SRR6929605,stx_A,2,2,2,2,2,2,2,2,2,2,2,2,2,2,4,4,4,4,2,2,2,2,2,2,2
SRR6929605,stx_B,2,2,2,2,2,2,2,2,2,2,2,2,2,2,2,2,2,2,2,2,2,2,2,2,2
SRR6929606,stx_A,2,2,2,2,2,2,2,2,2,2,2,2,2,2,4,4,4,4,2,2,2,2,2,2,2
SRR6929606,stx_B,2,2,2,2,2,2,2,2,2,2,2,2,2,2,2,2,2,2,2,2,2,2,2,2,2
SRR6929607,stx_A,2,2,2,2,2,2,2,2,2,2,2,2,2,2,4,4,4,4,2,2,2,2,2,2,2
SRR6929607,stx_B,2,2,2,2,2,2,2,2,2,2,2,2,2,2,2,2,2,2,2,2,2,2,2,2,2
SRR6929608,stx_A,2,2,2,2,2,2,2,2,2,2,2,2,2,2,4,4,4,4,2,2,2,2,2,2,2
SRR6929608,stx_B,2,2,2,2,2,2,2,2,2,2,2,2,2,2,2,2,2,2,2,2,2,2,2,2,2
SRR6929609,stx_A,2,2,2,2,2,2,2,2,2,2,2,2,2,2,4,4,4,4,2,2,2,2,2,2,2
SRR6929609,stx_B,2,2,2,2,2,2,2,2,2,2,2,2,2,2,2,2,2,2,2,2,2,2,2,2,2
SRR6929610,stx_A,2,2,2,2,2,2,2,2,2,2,2,2,2,2,4,4,4,4,2,2,2,2,2,2,2
SRR6929610,stx_B,2,2,2,2,2,2,2,2,2,2,2,2,2,2,2,2,2,2,2,2,2,2,2,2,2
SRR6929611,stx_A,2,2,2,2,2,2,2,2,2,2,2,2,2,2,4,4,4,4,2,2,2,2,2,2,2
SRR6929611,stx_B,2,2,2,2,2,2,2,2,2,2,2,2,2,2,2,2,2,2,2,2,2,2,2,2,2
SRR6929612,stx_A,1,1,1,1,1,1,1,1,1,1,1,2,2,2,3,3,3,3,1,1,1,1,1,1,1
SRR6929612,stx_B,1,1,1,1,1,1,1,1,1,1,1,1,1,1,1,1,1,1,1,1,1,1,1,1,1
SRR6929613,stx_A,1,1,1,1,1,1,1,1,1,1,1,2,2,2,3,3,3,3,1,1,1,1,1,1,1
SRR6929613,stx_B,1,1,1,1,1,1,1,1,1,1,1,1,1,1,1,1,1,1,1,1,1,1,1,1,1
SRR6929614,stx_A,1,1,1,1,1,1,1,1,1,1,1,2,2,2,3,3,3,3,1,1,1,1,1,1,1
SRR6929614,stx_B,1,1,1,1,1,1,1,1,1,1,1,1,1,1,1,1,1,1,1,1,1,1,1,1,1
SRR6929615,stx_A,1,1,1,1,1,1,1,1,1,1,1,2,2,2,3,3,3,3,1,1,1,1,1,1,1
SRR6929615,stx_B,1,1,1,1,1,1,1,1,1,1,1,1,1,1,1,1,1,1,1,1,1,1,1,1,1
SRR6929616,stx_A,1,1,1,1,1,1,1,1,1,1,1,2,2,2,3,3,3,3,1,1,1,1,1,1,1
SRR6929616,stx_B,1,1,1,1,1,1,1,1,1,1,1,1,1,1,1,1,1,1,1,1,1,1,1,1,1
SRR6929617,stx_A,1,1,1,1,1,1,1,1,1,1,1,2,2,2,3,3,3,3,1,1,1,1,1,1,1
SRR6929617,stx_B,1,1,1,1,1,1,1,1,1,1,1,1,1,1,1,1,1,1,1,1,1,1,1,1,1
SRR6929618,stx_A,1,1,1,1,1,1,1,1,1,1,1,2,2,2,3,3,3,3,1,1,1,1,1,1,1
SRR6929618,stx_B,1,1,1,1,1,1,1,1,1,1,1,1,1,1,1,1,1,1,1,1,1,1,1,1,1
SRR6929619,stx_A,1,1,1,1,1,1,1,1,1,1,1,2,2,2,3,3,3,3,1,1,1,1,1,1,1
SRR6929619,stx_B,1,1,1,1,1,1,1,1,1,1,1,1,1,1,1,1,1,1,1,1,1,1,1,1,1
SRR6929620,stx_A,1,1,1,1,1,1,1,1,1,1,1,2,2,2,3,3,3,3,1,1,1,1,1,1,1
SRR6929620,stx_B,1,1,1,1,1,1,1,1,1,1,1,1,1,1,1,1,1,1,1,1,1,1,1,1,1
SRR6929621,stx_A,1,1,1,1,1,1,1,1,1,1,1,2,2,2,3,3,3,3,1,1,1,1,1,1,1
SRR6929621,stx_B,1,1,1,1,1,1,1,1,1,1,1,1,1,1,1,1,1,1,1,1,1,1,1,1,1
SRR6929622,stx_A,2,2,2,2,2,2,2,2,2,2,2,3,3,3,4,4,4,4,2,2,2,2,2,2,2
SRR6929622,stx_B,2,2,2,2,2,2,2,2,2,2,2,2,2,2,2,2,2,2,2,2,2,2,2,2,2
SRR6929623,stx_A,2,2,2,2,2,2,2,2,2,2,2,2,2,2,4,4,4,4,2,2,2,2,2,2,2
SRR6929623,stx_B,2,2,2,2,2,2,2,2,2,2,2,2,2,2,2,2,2,2,2,2,2,2,2,2,2
SRR6929624,stx_A,1,1,1,1,1,1,1,1,1,1,1,2,2,2,3,3,3,3,1,1,1,1,1,1,1
SRR6929624,stx_B,1,1,1,1,1,1,1,1,1,1,1,1,1,1,1,1,1,1,1,1,1,1,1,1,1
SRR6929625,stx_A,1,1,1,1,1,1,1,1,1,1,1,2,2,2,3,3,3,3,1,1,1,1,1,1,1
SRR6929625,stx_B,1,1,1,1,1,1,1,1,1,1,1,1,1,1,1,1,1,1,1,1,1,1,1,1,1
SRR6929626,stx_A,1,1,1,1,1,1,1,1,1,1,1,1,1,1,1,1,1,1,1,1,1,1,1,1,1
SRR6929626,stx_B,1,1,1,1,1,1,1,1,1,1,1,1,1,1,1,1,1,1,1,1,1,1,1,1,1
SRR6929627,stx_A,1,1,1,1,1,1,1,1,1,1,1,2,2,2,3,3,3,3,1,1,1,1,1,1,1
SRR6929627,stx_B,1,1,1,1,1,1,1,1,1,1,1,1,1,1,1,1,1,1,1,1,1,1,1,1,1
SRR6929628,stx_A,1,1,1,1,1,1,1,1,1,1,1,2,2,2,3,3,3,3,1,1,1,1,1,1,1
SRR6929628,stx_B,1,1,1,1,1,1,1,1,1,1,1,1,1,1,1,1,1,1,1,1,1,1,1,1,1
SRR6929630,stx_A,1,1,1,1,1,1,1,1,1,1,1,2,2,2,3,3,3,3,1,1,1,1,1,1,1
SRR6929630,stx_B,1,1,1,1,1,1,1,1,1,1,1,1,1,1,1,1,1,1,1,1,1,1,1,1,1
SRR6929631,stx_A,1,1,1,1,1,1,1,1,1,1,1,2,2,2,3,3,3,3,1,1,1,1,1,1,1
SRR6929631,stx_B,1,1,1,1,1,1,1,1,1,1,1,1,1,1,1,1,1,1,1,1,1,1,1,1,1
SRR6929632,stx_A,1,1,1,1,1,1,1,1,1,1,1,1,1,1,3,3,3,3,1,1,1,1,1,1,1
SRR6929632,stx_B,1,1,1,1,1,1,1,1,1,1,1,1,1,1,2,2,2,2,1,1,1,1,1,1,1
SRR6929633,stx_A,1,1,1,1,1,1,1,1,1,1,1,1,1,1,3,3,3,3,1,1,1,1,1,1,1
SRR6929633,stx_B,1,1,1,1,1,1,1,1,1,1,1,1,1,1,2,2,2,2,1,1,1,1,1,1,1
SRR6929634,stx_A,1,1,1,1,1,1,1,1,1,1,1,1,1,1,3,3,3,3,1,1,1,1,1,1,1
SRR6929634,stx_B,1,1,1,1,1,1,1,1,1,1,1,1,1,1,2,2,2,2,1,1,1,1,1,1,1
SRR6929635,stx_A,1,1,1,1,1,1,1,1,1,1,1,1,1,1,1,1,1,1,1,1,1,1,1,1,1
SRR6929635,stx_B,1,1,1,1,1,1,1,1,1,1,1,1,1,1,1,1,1,1,1,1,1,1,1,1,1
SRR6929636,stx_A,2,2,2,2,2,2,2,2,2,2,2,2,2,2,4,4,4,4,2,2,2,2,2,2,2
SRR6929636,stx_B,2,2,2,2,2,2,2,2,2,2,2,2,2,2,2,2,2,2,2,2,2,2,2,2,2
SRR6929637,stx_A,2,2,2,2,2,2,2,2,2,2,2,2,2,2,4,4,4,4,2,2,2,2,2,2,2
SRR6929637,stx_B,2,2,2,2,2,2,2,2,2,2,2,2,2,2,2,2,2,2,2,2,2,2,2,2,2
SRR6929638,stx_A,1,1,1,1,1,1,1,1,1,1,1,2,2,2,3,3,3,3,1,1,1,1,1,1,1
SRR6929638,stx_B,1,1,1,1,1,1,1,1,1,1,1,1,1,1,1,1,1,1,1,1,1,1,1,1,1
SRR6929639,stx_A,1,1,1,1,1,1,1,1,1,1,1,2,2,2,3,3,3,3,1,1,1,1,1,1,1
SRR6929639,stx_B,1,1,1,1,1,1,1,1,1,1,1,1,1,1,1,1,1,1,1,1,1,1,1,1,1
SRR7439153,stx_A,2,2,2,2,2,2,2,2,2,2,2,2,2,2,4,4,4,4,2,2,2,2,2,2,2
SRR7439153,stx_B,2,2,2,2,2,2,2,2,2,2,2,2,2,2,2,2,2,2,2,2,2,2,2,2,2
SRR7460819,stx_A,1,1,1,1,1,1,1,1,1,1,1,2,2,2,3,3,3,3,1,1,1,1,1,1,1
SRR7460819,stx_B,1,1,1,1,1,1,1,1,1,1,1,1,1,1,1,1,1,1,1,1,1,1,1,1,1
SRR7896257,stx_A,2,2,2,2,2,2,2,2,2,2,2,2,2,2,4,4,4,4,2,2,2,2,2,2,2
SRR7896257,stx_B,2,2,2,2,2,2,2,2,2,2,2,2,2,2,2,3,3,3,2,2,2,2,2,2,2
SRR8192791,stx_A,2,6,0,2,0,0,0,0,1,1,1,0,0,0,0,3,3,3,0,0,0,0,1,1,1
SRR8192791,stx_B,2,4,0,2,0,0,0,0,2,2,2,0,0,0,0,2,2,2,0,0,0,0,1,1,1
SRR8292155,stx_A,2,2,2,2,2,2,2,2,2,2,2,2,2,2,4,4,4,4,2,2,2,2,2,2,2
SRR8292155,stx_B,2,2,2,2,2,2,2,2,2,2,2,2,2,2,2,3,3,3,2,2,2,2,2,2,2
SRR941218,stx_A,1,1,1,1,1,1,1,1,1,1,1,2,2,2,3,3,3,3,1,1,1,1,1,1,1
SRR941218,stx_B,1,1,1,1,1,1,1,1,1,1,1,1,1,1,1,1,1,1,1,1,1,1,1,1,1
