SAMN01917241,
SAMN07983336,
SAMN06198937,
SAMN07806871,
SAMN07807401,
SAMN07792806,
SAMN04014852,SRR3112262
SAMN04014847,SRR3112258
SAMN04014860,SRR3112270
SAMN04014858,SRR3112268
SAMEA104093909,
SAMN08272629,
SAMN08367764,
SAMN08362704,
SAMN05210898,
SAMN08380017,
SAMN08380011,
SAMN08380000,
SAMN08380012,
SAMN07210972,
SAMN08380018,
SAMN08380002,
SAMN08380003,
SAMN08380013,
SAMN08581175,
SAMN08380020,
SAMN08380014,
SAMN08663435,
SAMN08668598,
SAMN07291517,SRR6799408
SAMN08579566,
SAMN08579596,
SAMN08579560,
SAMN09245647,
SAMN03264844,
SAMN02666697,
SAMN02666434,
SAMN08382661,
SAMN02709589,
SAMN02666698,
SAMN09227133,
SAMN03292179,
SAMN02666696,
SAMN02666695,
SAMN02647163,
SAMN03301757,SRR2014531 SRR3883475
SAMN03287565,
SAMN09534372,
SAMN06209728,SRR5153289
SAMN07291545,SRR6985692 SRR6985693
SAMEA2547782,
SAMN03083542,
SAMN03276546,
SAMN03276545,
SAMN03262652,
SAMN03263950,
SAMN03276542,
SAMEA2547783,
SAMN03390066,
SAMN03659038,
SAMN03761398,SRR2052522
SAMN09845286,
SAMN09630238,
SAMN03863255,
SAMN03863378,
SAMN03861948,
SAMN04014854,SRR3112264
SAMN09287630,
SAMN03203488,
SAMEA3865278,
SAMN04385793,
SAMN04381854,
SAMN07723175,
SAMN04158294,SRR2724094
SAMN04227566,
SAMN10163231,SRR8180486
SAMN02800875,
SAMN04026226,
SAMN04026228,
SAMEA4916090,ERR2796968
SAMN04381846,
SAMN04381851,
SAMN07760938,
SAMN04381849,
SAMN10667090,
SAMN04505650,SRR3180707
SAMN04504881,SRR3180502
SAMN08222594,
SAMN10606937,
SAMEA3529258,
SAMEA3446350,
SAMD00129666,
SAMEA3376909,
SAMEA3368339,
SAMN04851091,
SAMN04621897,
SAMN04590097,
SAMN05190012,
SAMN03768474,
SAMN10743440,
SAMN05392487,
SAMN04851092,
SAMN05407982,
SAMN10535911,
SAMN10817700,
SAMN08450093,
SAMN04202539,
SAMN02688213,
SAMN02808333,
SAMN05177221,
SAMN04026657,
SAMN03455974,SRR3465539
SAMN04590095,
SAMN05291917,
SAMEA3988096,
SAMN08161318,
SAMEA5128442,ERR2929697
SAMEA5128443,ERR2929698
SAMN05346848,
SAMN04209666,
SAMN10531954,
SAMN10836813,
SAMN10531472,
SAMN10956393,SRR25949911
SAMN10879429,
SAMN04299569,
SAMN05729956,SRR4436361
SAMN05729957,SRR4436642
SAMEA4830523,
SAMEA4830525,
SAMN10768946,
SAMN10604454,SRR8333591
SAMN06029895,
SAMN06029894,
SAMN06067968,
SAMN05544765,
SAMN05544762,
SAMN03252458,
SAMEA4830819,
SAMEA4786454,
SAMN05945146,
SAMN03252433,
SAMN03252434,
SAMN03252423,
SAMN03252452,
SAMN03252446,
SAMN03252455,
SAMN03252443,
SAMN03252432,
SAMN03252415,
SAMN03252421,
SAMN03252444,
SAMN06029896,
SAMN03252417,
SAMN03252418,
SAMN03252410,
SAMN03252411,
SAMN03252414,
SAMN03252448,
SAMN03252438,
SAMN03252440,
SAMN03252442,
SAMN03252420,
SAMN03252453,
SAMN03252457,
SAMN05544761,
SAMN05544766,
SAMEA4682258,
SAMEA4444107,
SAMN04965119,
SAMN05544768,
SAMN03252427,
SAMN10986381,SRR8610346
SAMN03252412,
SAMN03252409,
SAMN03252450,
SAMN03252416,
SAMN03252419,
SAMN03252431,
SAMN03252413,
SAMN03252447,
SAMN03252435,
SAMN03252451,
SAMN06115651,
SAMEA4444104,
SAMN03252426,
SAMN05544764,
SAMN05544767,
SAMN05511169,SRR3999078
SAMN05511168,SRR3999079
SAMN05511148,SRR3999101
SAMN05511179,SRR3999067
SAMN05511182,SRR3999064
SAMN06227049,SRR5177719
SAMN05511152,SRR3999096
SAMN05511177,SRR3999069
SAMN05511184,SRR3999062
SAMN05511159,SRR3999089
SAMN05511157,SRR3999091
SAMN05511183,SRR3999063
SAMN05511166,SRR3999081
SAMN06344815,
SAMN06554468,
SAMN04014910,SRR4025859 SRR5168223 SRR5168224
SAMN05511186,SRR3999060
SAMN05511161,SRR3999086
SAMN05511160,SRR3999087
SAMN05511185,SRR3999061
SAMN04014945,SRR4025862 SRR5168233 SRR5168234
SAMN06563569,
SAMN06314933,
SAMN08963308,
SAMN05414625,SRR3931165
SAMN04014902,SRR4025857 SRR5168215 SRR5168216
SAMN06434185,
SAMN05762409,SRR5627612
SAMN04497926,
SAMN04014959,SRR4025981 SRR5168379 SRR5168380 SRR5168381
SAMN06563579,
SAMN06828737,
SAMEA19195168,
SAMN06619924,
SAMN06093946,
SAMN04014990,SRR4025997 SRR5168500 SRR5168501 SRR5168502
SAMN06924979,
SAMN06925129,
SAMN06165994,
SAMN06166007,
SAMN04014899,SRR4025855 SRR5168210 SRR5168211
SAMN04014969,SRR4025986 SRR5168391 SRR5168392
SAMN04015003,SRR4026005 SRR5168522 SRR5168523
SAMN04014992,SRR4025999 SRR5168506 SRR5168507 SRR5168508
SAMN07192703,
SAMN06947002,
SAMN04014955,SRR4025978 SRR5168373 SRR5168374
SAMN03783363,
SAMN04014960,SRR4025982 SRR5168382 SRR5168383
SAMN04014978,SRR4025989 SRR5168479 SRR5168480
SAMN07162922,SRR8182925
SAMN07260764,
SAMN07273977,
SAMN04014896,SRR4025854 SRR5167858 SRR5167859
SAMN11087649,
SAMN08773040,SRR6929617
SAMN08773049,SRR6929611
SAMN08773034,SRR6929626
SAMN08773043,SRR6929620
SAMN08773031,SRR6929625
SAMN11283108,
SAMN08773052,SRR6929634
SAMN08773047,SRR6929639
SAMN03963241,
SAMN03256350,SRR1714120
SAMEA4364219,
SAMN07618127,
SAMN07618126,
SAMN07503734,
SAMN03963238,
SAMN07618129,
SAMN07618125,
SAMN07618121,
SAMN10713359,SRR8566032
SAMN07503733,
SAMN07312445,SRR5878835
SAMN07312447,SRR5878841
SAMD00056131,DRR065947
SAMN07618128,
SAMN07618122,
SAMN07618120,
SAMN07618124,
SAMD00056132,DRR065948
SAMD00056130,DRR065946
SAMN08637771,
SAMN07312492,SRR5884862
SAMN01916957,
SAMN07312477,SRR5884782
SAMN07765387,
SAMN07172369,SRR5617250
SAMN04625459,SRR3360246
SAMN04014855,SRR3112265
SAMN07980822,
SAMN08148171,
SAMN04621488,SRR3341739
SAMN07980821,
SAMN05520965,
SAMN07944243,
SAMN07819355,
SAMN07944240,
SAMN07944241,
SAMN04014856,SRR3112266
SAMN07944239,
SAMN08104834,
SAMN08148591,
SAMN08117235,
SAMN07807403,
SAMN07807399,
SAMN07302603,
SAMN09078534,
SAMN08326676,
SAMN08367768,
SAMN08367769,
SAMN07767837,
SAMN08093640,
SAMN07197446,
SAMN08281024,SRR6474927
SAMN08118424,
SAMN07807402,
SAMN06198938,
SAMN07716515,
SAMN07807400,
SAMN08380008,
SAMN08380022,
SAMN08409128,
SAMN08369073,
SAMN03455998,SRR6519470
SAMN05290638,SRR3736530
SAMN05341196,SRR6515382 SRR6515383
SAMN08040561,
SAMN07291512,SRR6799402
SAMN08630919,
SAMN06341081,
SAMN04498549,SRR3178026
SAMN08498861,
SAMN04014918,SRR3112326
SAMN08380004,
SAMN08380005,
SAMN08579605,
SAMN08579595,
SAMN08579571,
SAMN08579582,
SAMN08579572,
SAMN08579559,
SAMN02991245,SRR2015106
SAMN08579602,
SAMN03098208,SRR1609862 SRR10902697 SRR10902846 SRR10917874 SRR10919325 SRR10980208 SRR11004696 SRR11004697 SRR11004699 SRR11004714 SRR15402780 SRR25712309 SRR25712337
SAMN04558451,SRR3231803
SAMN08579579,
SAMN08579597,
SAMN08579568,
SAMN08579586,
SAMN06250205,
SAMN08380010,
SAMN08380016,
SAMN08380015,
SAMN08380019,
SAMN08380021,
SAMN08380006,
SAMN06448755,
SAMN03996288,SRR2820658
SAMN08579574,
SAMN02991250,SRR2015125
SAMN08579553,
SAMN08469740,
SAMN08874679,
SAMN07291515,SRR6807652
SAMN08579587,
SAMN08579598,
SAMN08579585,
SAMN08579583,
SAMN08579564,
SAMN08579554,
SAMN08579584,
SAMN08579591,
SAMN08579569,
SAMN08630964,
SAMN08579577,
SAMN08579603,
SAMN03098211,SRR1610028
SAMN08619547,
SAMN04014922,SRR3112329
SAMN08579576,
SAMN08579558,
SAMN08579593,
SAMN08579594,
SAMN04516926,SRR3189185
SAMN08579581,
SAMN08579556,
SAMN08579578,SRR8930575 SRR26805704
SAMN04482320,SRR3158400
SAMN02991240,SRR2015050
SAMN08579590,
SAMN04498485,SRR3177671
SAMN11974795,
SAMN08579604,
SAMN08579573,
SAMN08579580,
SAMN08579565,
SAMN08579555,
SAMN08638904,
SAMN02991246,SRR2015112
SAMN03569438,SRR1999784
SAMN08579610,
SAMN08212052,
SAMN08581173,
SAMN08202527,
SAMN08874680,
SAMN08932127,
SAMN07291527,SRR6994977
SAMN07291528,SRR6994979
SAMN07291530,SRR6985676
SAMN07291529,SRR6994980
SAMN08993917,
SAMN08765149,
SAMN05468123,
SAMN04014926,SRR3112331
SAMN09245645,
SAMN04243989,
SAMN09245744,
SAMN09278797,SRR7826316
SAMEA3451135,
SAMEA3468857,
SAMN08724662,SRR7828259
SAMN09381942,
SAMEA19195918,
SAMN08822959,SRR7826361
SAMN09202772,SRR7188515
SAMN07291544,SRR6985737
SAMN08823043,SRR7826944
SAMEA3368272,
SAMN06459520,SRR5296512
SAMN09640158,
SAMN07692432,SRR6127880
SAMN09710898,
SAMN09199078,SRR7631959
SAMN11231229,SRR9643625
SAMN09462202,
SAMN09260320,SRR8082143
SAMN04448503,SRR3305404
SAMN09829654,
SAMN09729056,SRR11850982
SAMN09662618,
SAMN09704974,
SAMN07411561,
SAMN04014908,SRR3290650
SAMN04014927,SRR3112332
SAMN01916927,
SAMN09499316,
SAMN07436715,
SAMN10023797,
SAMN04014930,SRR3112334
SAMN10023796,
SAMN06909172,SRR6942789
SAMN10112494,
SAMN09534373,
SAMN10230268,
SAMN10230267,
SAMN07510673,SRR6442662
SAMN10230266,
SAMN06231252,SRR6474932
SAMN06909177,SRR6474926
SAMN08932733,SRR7026311
SAMN10250173,
SAMN12330870,
SAMN09483841,
SAMN07760925,
SAMN07760931,
SAMN10319568,
SAMN07760933,
SAMN07760941,
SAMN07760930,
SAMN10163173,SRR8176979 SRR8176980
SAMEA3368289,
SAMEA3505365,
SAMD00127374,
SAMEA3403040,
SAMEA3451127,
SAMEA3672878,
SAMD00129668,
SAMEA3861969,
SAMEA3443763,
SAMEA3403043,
SAMEA3451123,
SAMEA3403037,
SAMN08161275,
SAMN08161314,
SAMN08161280,
SAMN08161259,
SAMN08161195,
SAMN08161306,
SAMN08161313,
SAMN08161311,
SAMN08161146,
SAMN08161340,
SAMN08161312,
SAMEA3443772,
SAMEA3443760,
SAMEA3403050,
SAMEA3376924,
SAMEA3446331,
SAMN09717320,
SAMN08932768,SRR7031316
SAMEA3403047,
SAMEA3672879,
SAMEA2689768,
SAMN05194389,SRR3615372
SAMN05194390,SRR3615373
SAMN06219549,
SAMN04549845,SRR3224814
SAMN04531139,SRR3205742
SAMN08161196,
SAMN08161256,
SAMN08161308,
SAMN07759721,
SAMN09533786,SRR7460819
SAMN04549651,SRR3224568
SAMN04531170,SRR3205757
SAMN04504880,SRR3180501
SAMEA3867446,
SAMD00129667,
SAMEA3376930,
SAMEA3468848,
SAMEA3376927,
SAMEA3492660,
SAMN10623993,
SAMN08161317,
SAMN07411973,
SAMN06909178,SRR6942787
SAMEA5128441,ERR2929695
SAMN10837069,
SAMN06909180,SRR6942781
SAMN08161344,
SAMN10824104,
SAMN10817475,
SAMN12275742,
SAMN06819205,
SAMEA5128444,ERR2929696
SAMN06909152,SRR6474929
SAMN12263012,
SAMN04851094,
SAMN10219252,
SAMN08824586,SRR6924236 SRR6924237 SRR6924238 SRR6924239 SRR6924240 SRR6924241 SRR6924242 SRR6924243 SRR6924244
SAMN08823450,SRR6920549 SRR6921396 SRR6921397 SRR6921398 SRR6921399
SAMN10604455,SRR8333592
SAMN10604456,SRR8333590
SAMEA4786450,
SAMEA4785258,
SAMEA4830526,
SAMN12757101,
SAMEA4786452,
SAMN08660891,
SAMEA4830820,
SAMEA4830527,
SAMEA4830524,
SAMN12736389,
SAMN10784802,
SAMN10784800,
SAMN07807404,
SAMEA3446340,
SAMEA4682257,
SAMN09693981,
SAMN04096281,
SAMN12233489,
SAMN11268910,SRR8797097
SAMN10177962,
SAMN10177960,
SAMN11268909,SRR8797096
SAMN11333172,
SAMN11266496,
SAMN11266257,SRR8792696
SAMN13021417,
SAMN10740161,
SAMN11087650,
SAMN08773055,SRR6929622
SAMN08773032,SRR6929624
SAMN08773051,SRR6929635
SAMN08773036,SRR6929636
SAMN08773050,SRR6929623
SAMN08773027,SRR6929629
SAMN08773046,SRR6929613
SAMN08773030,SRR6929630
SAMN08773025,SRR6929602
SAMN08773026,SRR6929601
SAMN11633026,
SAMN11633027,
SAMN08773017,SRR6929610
SAMN08773021,SRR6929606
SAMN08773020,SRR6929607
SAMN08773042,SRR6929619
SAMN08773038,SRR6929615
SAMN08773053,SRR6929633
SAMN08773037,SRR6929614
SAMN08773045,SRR6929612
SAMN08773044,SRR6929621
SAMN08773033,SRR6929627
SAMN08773023,SRR6929604
SAMN08773018,SRR6929609
SAMN08773019,SRR6929608
SAMN08773048,SRR6929638
SAMN08773054,SRR6929632
SAMN08773041,SRR6929618
SAMN08773035,SRR6929637
SAMN08773028,SRR6929628
SAMN08773039,SRR6929616
SAMN08773029,SRR6929631
SAMN11180601,
SAMN08773024,SRR6929603
SAMN08773022,SRR6929605
SAMN13191633,SRR10520171
SAMN13226783,
SAMN08167607,SRR6373397
SAMN12789775,
SAMN12027817,
SAMN10887812,SRR8549113
SAMN11841626,
SAMN13756204,SRR10896391
SAMN13756518,SRR10896389
SAMN12641172,
SAMN12264954,
SAMN11774881,
SAMN12214763,
SAMN12214768,
SAMN11774882,
SAMN11854565,
SAMEA4732083,
SAMN04158281,SRR2724080
SAMN11056487,SRR9641571
SAMN10887807,SRR8549118
SAMN13951918,SRR11038971
SAMN13951925,SRR11038979
SAMN12158201,
SAMN12158203,
SAMD00186874,DRR192221
SAMN13925613,
SAMN10246265,
SAMN13742197,
SAMN11230749,SRR8767398
SAMN11664985,
SAMN12389518,
SAMN07450616,SRR5943182
SAMN12389475,
SAMEA5128445,ERR2929699
SAMN12405405,
SAMN13978660,SRR11014977
SAMN11174938,
SAMN06219547,
SAMN06219551,
SAMN07187744,
SAMN06209723,SRR5153283
SAMN12384979,
SAMN12395313,
SAMN12395320,
SAMN11967557,
SAMN12418786,
SAMN06219550,
SAMN06219546,
SAMN06219553,
SAMN04393397,SRR3095381
SAMN06649969,
SAMN06909153,SRR6474930
SAMN07768275,SRR6442663
SAMN06219548,
SAMN06219554,
SAMN04622917,SRR3618626
SAMN06219552,
SAMN14482837,SRR11460451
SAMN12619458,
SAMN12272266,SRR10076548
SAMD00059754,DRR140917
SAMN12660184,
SAMN07974445,
SAMN03963234,
SAMN12736390,
SAMN14609779,
SAMN14609787,
SAMN12233487,
SAMN12262385,
SAMN11042946,
SAMN14785846,
SAMN09976386,
SAMN12512712,SRR10015223
SAMN12233488,
SAMN12822941,
SAMN10177964,
SAMN10691120,
SAMN12561908,
SAMN12561905,
SAMN10177963,
SAMN12561907,
SAMN10177968,
SAMN10177969,
SAMN10177965,
SAMN10177967,
SAMN10177961,
SAMN10177966,
SAMN14944002,
SAMEA6471229,ERR3931055
SAMN12561906,
SAMN14609768,
SAMD00168435,DRR174986
SAMD00190251,
SAMD00190256,
SAMD00190249,
SAMN14943545,
SAMN10924275,
SAMN13000402,
SAMD00172786,
SAMN14449600,
SAMN15394023,
SAMN11633022,SRR9994124
SAMN11633024,
SAMN15229443,
SAMN15075998,SRR11905448
SAMN15075994,SRR11905452
SAMN15075992,SRR11905454
SAMN11633021,SRR9994125
SAMN11633025,
SAMN11633023,SRR9994127
SAMN15348021,
SAMN14840032,
SAMEA6595245,
SAMEA6595248,
SAMEA6595241,
SAMN15499972,
SAMN08932748,SRR7026305
SAMEA6595220,
SAMEA6595214,
SAMEA6595243,
SAMEA6595233,
SAMEA6595225,
SAMEA6595217,
SAMN15502380,
SAMN12169096,
SAMN12385929,
SAMN12385930,
SAMN13242782,
SAMN13175516,
SAMN11008224,SRR8625824
SAMN13242790,
SAMN13242769,
SAMN12307470,SRR9988394
SAMN13242665,
SAMN13429994,
SAMN13335779,
SAMN12996975,
SAMN13829575,
SAMN13829592,
SAMN15889825,SRR12506198
SAMN13829591,
SAMN13829544,
SAMN13829545,
SAMN12214770,
SAMN12214769,
SAMN12214765,
SAMN13714347,
SAMEA6109570,
SAMN12214764,
SAMN12214766,
SAMN13880799,SRR11400178
SAMN12214771,
SAMN12214767,
SAMN13875146,
SAMD00241721,DRR241416
SAMN15743069,SRR21634605
SAMN16056871,
SAMN13951920,SRR11038973
SAMN13951922,SRR11038976
SAMN13951916,SRR11038969
SAMN13951921,SRR11038975
SAMN13951915,SRR11038968
SAMN13951924,SRR11038978
SAMN08522749,
SAMN13951926,SRR11038980
SAMN13951923,SRR11038977
SAMN13951917,SRR11038970
SAMN13613900,SRR10834224
SAMN13978607,SRR11015036
SAMN14149125,
SAMN14134968,
SAMN14149865,
SAMN14149127,
SAMN13743100,
SAMD00194428,DRR199264
SAMD00194405,DRR199241
SAMD00194533,DRR199369
SAMD00194482,DRR199318
SAMD00194597,DRR199433
SAMD00194579,DRR199415
SAMD00194706,DRR199542
SAMD00194670,DRR199506
SAMN13978676,SRR11014960
SAMN13976059,SRR11014408 SRR11070828 SRR11070829 SRR11070830 SRR11088378
SAMD00108729,DRR120579 DRR192207
SAMN14149126,
SAMN13978678,SRR11014958
SAMN14137859,
SAMN13978668,SRR11014969
SAMN13978645,SRR11014994
SAMN12212556,
SAMN13948681,SRR11148639
SAMN14331243,
SAMN13530296,
SAMN14238615,
SAMN14342226,
SAMN12026942,
SAMN14421542,
SAMN03576594,
SAMN13705263,
SAMN12158158,
SAMN02666437,
SAMN03612246,
SAMN14482836,SRR11460452
SAMN14558608,
SAMN04026227,
SAMN14558879,
SAMN03203489,
SAMN14609775,
SAMN14609770,
SAMN14609800,
SAMN14609773,
SAMN14125718,
SAMN14732738,
SAMN14609783,
SAMN14609793,
SAMN14609776,
SAMN14609774,
SAMN14609782,
SAMN14609795,
SAMN14609778,
SAMN14609790,
SAMN14609784,
SAMN14609798,
SAMN04381845,
SAMN14609791,
SAMN14609801,
SAMN14609771,
SAMN03952643,
SAMN02991226,SRR1570041 SRR2014925
SAMN04381853,
SAMN14485346,SRR11451201
SAMN14933842,
SAMN14933837,
SAMN04159541,SRR2970646
SAMN04026225,
SAMN14485325,SRR11451224
SAMN14609792,
SAMN14933845,
SAMN14933843,
SAMN14933838,
SAMN14933835,
SAMN14933846,
SAMN14933841,
SAMN14933836,
SAMD00190246,
SAMD00190255,
SAMD00198301,
SAMN12822943,
SAMN14609785,
SAMN14944004,
SAMN12822944,
SAMD00190245,
SAMN14944006,
SAMN14944005,
SAMN12822940,
SAMN12640810,
SAMN12838293,
SAMD00190253,
SAMN04202540,
SAMN04590096,
SAMN13545722,
SAMN12560240,
SAMN13412318,
SAMEA6471236,ERR3931062
SAMN14944003,
SAMN05210771,
SAMN12822942,
SAMD00172788,
SAMN14943543,
SAMN14609777,
SAMN14548319,
SAMN15229441,
SAMN15075996,SRR11905450
SAMN13155204,
SAMN15229442,
SAMN03455931,SRR3221963
SAMN05194365,SRR3615375
SAMN14609769,
SAMN14943536,
SAMN13155539,
SAMD00157544,DRR165511
SAMN14351533,SRR11292825
SAMN15075997,SRR11905449
SAMN14943544,
SAMN14943547,
SAMD00172787,
SAMEA6595238,
SAMN15150880,
SAMN02688215,
SAMN02688212,
SAMN04939501,
SAMN04917416,
SAMD00157562,DRR165529
SAMD00157547,DRR165514
SAMN05725120,
SAMN15075993,SRR11905453
SAMN15075995,SRR11905451
SAMD00157542,DRR165509
SAMN15229516,
SAMN15410927,SRR12123278
SAMEA6595219,
SAMN11547014,
SAMN15402835,SRR12123270
SAMEA6595213,
SAMN15394022,
SAMN14823672,SRR12564404 SRR12763220 SRR12763221 SRR12763222 SRR12763223 SRR12763240 SRR12763241
SAMN09202771,SRR7188512
SAMN15500044,
SAMEA6595242,
SAMEA6595246,
SAMN15447143,SRR25949938
SAMN06029893,
SAMN03384316,SRR2014554 SRR5282566
SAMN14966947,
SAMN03252425,
SAMN03252436,
SAMN03252422,
SAMN03252428,
SAMN03252437,
SAMN03252430,
SAMN03252424,
SAMN03252439,
SAMN03252449,
SAMN03252456,
SAMN03252454,
SAMN03252445,
SAMN03252429,
SAMN03252441,
SAMN05853574,
SAMN14966948,
SAMN03294311,
SAMN05511150,SRR3999098
SAMN11130353,
SAMN04396805,
SAMN05252777,
SAMN04505873,
SAMN06924970,
SAMN04014991,SRR4025998 SRR5168503 SRR5168504 SRR5168505
SAMN06808253,SRR5482170
SAMN07192704,
SAMN15543098,
SAMN15566562,
SAMN05417814,
SAMN07251590,
SAMN14278029,
SAMD00194346,DRR199182
SAMD00194371,DRR199207
SAMD00194372,DRR199208
SAMD00194523,DRR199359
SAMD00194357,DRR199193
SAMD00194414,DRR199250
SAMD00194455,DRR199291
SAMD00194621,DRR199457
SAMD00194507,DRR199343
SAMN15548965,
SAMN15566561,
SAMD00194467,DRR199303
SAMD00194555,DRR199391
SAMD00194427,DRR199263
SAMN15086849,SRR11909878
SAMN13613898,SRR10834226
SAMD00194468,DRR199304
SAMD00194535,DRR199371
SAMN14278031,
SAMN15595090,
SAMD00194413,DRR199249
SAMN14278030,
SAMD00194600,DRR199436
SAMN14278028,
SAMD00194481,DRR199317
SAMD00194704,DRR199540
SAMD00194604,DRR199440
SAMD00194506,DRR199342
SAMD00194483,DRR199319
SAMD00194451,DRR199287
SAMD00194553,DRR199389
SAMD00194629,DRR199465
SAMD00194426,DRR199262
SAMN13613889,SRR10834220
SAMD00194359,DRR199195
SAMN11506046,SRR9333755
SAMN15693146,SRR12376429
SAMN15693150,SRR12376431
SAMN07618123,
SAMN15889824,SRR12506200
SAMN15693147,SRR12376427
SAMN15693148,SRR12376425
SAMN15693149,SRR12376423
SAMN15693145,SRR12376433
SAMN15903653,
SAMN14164122,
SAMN03276543,
SAMN06928086,SRR5688555
SAMN06920354,
SAMN15421091,
SAMN14278032,
SAMN16073343,
SAMN16077358,SRR12844969
SAMN07977663,
SAMN16077359,SRR12844971
SAMN15871861,
SAMN15455438,
SAMN16231001,SRR21634505
SAMEA7287978,
SAMEA7287971,
SAMEA7287982,
SAMEA7287973,
SAMN16090665,
SAMN16090672,
SAMN16090673,
SAMN16090669,
SAMEA7287972,
SAMN16279676,SRR21620895
SAMN16242922,
SAMN16090671,
SAMD00194534,DRR199370
SAMN16090668,
SAMN15423745,SRR12207194
SAMN16202109,
SAMN16237063,SRR13823734
SAMN16090666,
SAMN16090663,
SAMN16090670,
SAMN16090664,
SAMN16090667,
SAMN16090674,
SAMN16277032,
SAMN16435111,SRR12844973
SAMN16393371,
SAMN12285857,SRR10426898
SAMN16622485,
SAMN09852207,
SAMN16304268,
SAMN16520638,
SAMN16304231,
SAMN16304267,
SAMN16304229,
SAMN16304132,
SAMN16304147,
SAMN16304193,
SAMN16304205,
SAMN16304185,
SAMN16304239,
SAMN16304175,
SAMN15391109,
SAMN13747522,
SAMN13450471,SRR12047138
SAMN13450474,SRR12047143
SAMN13450476,SRR12047202
SAMN13450473,SRR12047141
SAMN16357227,SRR12825961
SAMN13450475,SRR12047193
SAMN16393114,
SAMN16357228,SRR12825963
SAMN16072565,
SAMN15945290,SRR13674116
SAMN15945289,SRR13674117
SAMN17151035,
SAMD00197820,
SAMEA7368281,
SAMEA7368283,
SAMN14049568,SRR11318814
SAMD00196013,DRR199818
SAMEA7368284,
SAMEA7368288,
SAMD00196001,DRR199806
SAMD00196004,DRR199809
SAMEA3357475,ERR1023714
SAMD00197816,
SAMEA7368282,
SAMEA7368285,
SAMD00196006,DRR199811
SAMD00195939,DRR199744
SAMEA3357523,ERR1015416
SAMEA3357417,ERR1015350
SAMEA3357527,ERR1015419
SAMEA3357369,ERR1015326
SAMEA3357457,ERR1015365
SAMEA3357480,ERR1015376
SAMD00233763,
SAMN17293653,
SAMN13948677,SRR11148648
SAMN16357246,SRR12931595
SAMN17348805,
SAMD00196008,DRR199813
SAMD00195871,DRR199676
SAMD00195931,DRR199736
SAMEA3357384,ERR1015333
SAMN13948684,SRR11148636
SAMEA3357504,ERR1015399
SAMEA3357519,ERR1015413
SAMEA3357407,ERR1015345
SAMEA3357452,ERR1023706
SAMEA3357463,ERR1023710
SAMEA3357530,ERR1015422
SAMEA3357497,ERR1015392
SAMEA3357386,ERR1015334
SAMEA3357485,ERR1015380
SAMEA3357393,ERR1015337
SAMEA3357499,ERR1015394
SAMN14503865,SRR11476987
SAMD00260480,DRR258151
SAMN06236809,
SAMEA7368286,
SAMN17373205,
SAMN17373195,
SAMN17373176,
SAMN17373187,
SAMN17373201,
SAMN17373199,
SAMN17373183,
SAMN17373189,
SAMN17373193,
SAMN17373181,
SAMN17373188,
SAMN17373178,
SAMN17373198,
SAMN17373185,
SAMN17373202,
SAMN17373177,
SAMN17265879,
SAMEA7287980,
SAMN16387487,
SAMN17349263,
SAMN17373203,
SAMN17373191,
SAMN17373186,
SAMN17373197,
SAMN17373204,
SAMN17373200,
SAMN17373182,
SAMN16357513,SRR13670651
SAMN16357422,SRR13670134
SAMN16357430,SRR13673606
SAMN16357514,SRR13672844
SAMN16357434,SRR13673795
SAMN17863559,
SAMN16357421,SRR13670130
SAMN06236803,
SAMN17373184,
SAMN15896202,SRR12509877
SAMN16357397,SRR13182790
SAMN17833045,
SAMN16357408,SRR13183024
SAMN16357399,SRR13182825
SAMN16357409,SRR13183022
SAMN13017016,
SAMN16357393,SRR13182697
SAMN16357390,SRR13182676
SAMN16357392,SRR13182692
SAMN16357431,SRR13673680
SAMN16357443,SRR13673894
SAMN17373190,
SAMN17373194,
SAMN17373172,
SAMN17373180,
SAMN17373192,
SAMN17373196,
SAMN17373173,
SAMN16357391,SRR13182689
SAMN16357407,SRR13182993
SAMN16357398,SRR13182812
SAMN16357429,SRR13672951
SAMN17373165,
SAMN13476489,
SAMN17373164,
SAMN16357406,SRR13182991
SAMN06236835,
SAMN16357396,SRR13182787
SAMN17832021,
SAMN16357410,SRR13183038
SAMN16357403,SRR13182986
SAMN17833238,
SAMN17833015,
SAMN17497583,
SAMN16357437,SRR13673800
SAMN16357440,SRR13673807
SAMN16357441,SRR13673852
SAMN16357426,SRR13672857
SAMN16357428,SRR13672887
SAMN16357425,SRR13672847
SAMN13031455,
SAMN13164804,
SAMN06240306,
SAMN16357395,SRR13182721
SAMN16357400,SRR13182827
SAMN16357444,SRR13673896
SAMN16357515,SRR13670813
SAMN16357427,SRR13672858
SAMN16357446,SRR13673899
SAMN16357442,SRR13673892
SAMN16357445,SRR13673897
SAMN16357419,SRR13670064
SAMN16357418,SRR13670001
SAMN16357479,SRR13669977
SAMN17833041,
SAMN16387501,
SAMN16387511,
SAMN16357439,SRR13673804
SAMN16357435,SRR13673797
SAMN16357433,SRR13673744
SAMN16357424,SRR13670663
SAMN16357423,SRR13670629
SAMN16357432,SRR13673739
SAMN16357438,SRR13673802
SAMN16387507,
SAMN16387362,
SAMN16387502,
SAMN16357402,SRR13182983
SAMN16357404,SRR13182987
SAMN16357394,SRR13182719
SAMN16357401,SRR13182829
SAMN16357512,SRR13670660
SAMN17807537,SRR13766681
SAMN17807536,SRR13766683
SAMN17807535,SRR13766690
SAMN16387489,
SAMN16387483,
SAMN16387494,
SAMN16387357,
SAMN17807534,SRR13766712
SAMN16933302,
SAMN10397841,
SAMN16387482,
SAMN16387510,
SAMN16387358,
SAMN16387496,
SAMN16387509,
SAMN16387490,
SAMN16387495,
SAMN17807533,SRR13766724
SAMN13244673,
SAMN16561275,
SAMN16443699,SRR12831696
SAMEA3996552,
SAMN18131653,
SAMN18131652,
SAMN18131651,
SAMN09930433,
SAMN13282710,
SAMN12263369,SRR13296940 SRR13296941
SAMN17214844,SRR13358223
SAMN17214846,SRR13358221
SAMN18350774,SRR13999307
SAMN17214836,SRR13358232
SAMN17214841,SRR13358227
SAMN17214838,SRR13358230
SAMN17214845,SRR13358222
SAMN17214839,SRR13358229
SAMN17214848,SRR13358219
SAMN17214847,SRR13358220
SAMN17214837,SRR13358231
SAMN18394460,
SAMN18332132,
SAMN14752080,
SAMN02808332,
SAMN18475704,
SAMN18118495,
SAMN18615003,
SAMN16810914,
SAMN14609767,
SAMN16810910,
SAMN16810912,
SAMN16810913,
SAMN18652119,
SAMN18652183,
SAMD00099774,DRR111587
SAMN16963731,
SAMN08522770,
SAMD00157545,DRR165512
SAMN05544760,
SAMN08522703,
SAMN08522730,
SAMN14609789,
SAMN09939624,
SAMN13563033,
SAMN09939625,
SAMN15214392,
SAMN09939627,
SAMN18859087,
SAMN13563036,
SAMN10601610,
SAMN18877259,
SAMN13563032,
SAMN18818538,
SAMN18825576,
SAMN19103544,
SAMEA95542918,
SAMN19105289,
SAMN15684191,
SAMN15684126,
SAMN15235523,
SAMN17736024,
SAMN18630606,
SAMN16810911,
SAMN17885487,
SAMD00164388,
SAMD00164387,
SAMN16120638,
SAMN16120651,
SAMN16120650,
SAMN18220292,
SAMN16120645,
SAMN16120649,
SAMN16120647,
SAMN16120652,
SAMN16120643,
SAMN16120648,
SAMN19349425,SRR14656162
SAMN16686196,SRR15358205
SAMN10904681,
SAMN12437586,
SAMN10904671,
SAMN10904668,
SAMN10904669,
SAMN19349416,SRR14656163
SAMN19237597,
SAMN16993368,SRR13209823
SAMN16993348,SRR13209798
SAMN16993384,SRR13209805
SAMN07947704,
SAMN10904676,
SAMN19349419,SRR14656170
SAMN10904680,
SAMN10904674,
SAMN16993373,SRR13209817
SAMN19493560,SRR14710795
SAMN16993351,SRR13209841
SAMN16993387,SRR13209802
SAMN19700014,
SAMN17807529,
SAMN10904672,
SAMN10904667,
SAMN10904670,
SAMN13031456,
SAMN10904673,
SAMN10904675,
SAMN19700015,
SAMN19604990,
SAMN10904678,
SAMN16993369,SRR13209822
SAMN16993346,SRR13209800
SAMN08161240,
SAMN10904679,
SAMN19656307,
SAMN19653581,
SAMN17245958,
SAMN19700013,
SAMN19700016,
SAMN17246086,
SAMN16993361,SRR13209830
SAMN19769895,SRR15293247
SAMN19105266,SRR14506601
SAMN20035118,
SAMN15486686,
SAMN15486687,
SAMN20359862,
SAMN20349091,
SAMN20348874,
SAMN20353404,
SAMN15486685,
SAMN20286394,
SAMN20286395,
SAMN20179104,
SAMN19604719,
SAMN20445367,
SAMN20339876,
SAMN20339880,
SAMN20353475,
SAMN13901561,SRR11434958
SAMN20360180,
SAMN20353479,
SAMN20353536,
SAMN20339877,
SAMN20339879,
SAMN20348707,
SAMN14277526,SRR11252628
SAMN14277528,SRR11252624
SAMN17224774,
SAMN20353352,
SAMN20339878,
SAMN20360179,
SAMN17168893,
SAMN17221995,SRR13494984
SAMN17256768,SRR13494982
SAMN06928087,SRR5688544
SAMN06909728,SRR5688556
SAMN06909723,SRR5688549
SAMD00077658,DRR103250
SAMN06928084,SRR5688545
SAMN20668607,
SAMN17256769,SRR13494980
SAMD00077433,DRR103025
SAMD00077547,DRR103139
SAMD00077025,DRR102617
SAMN06909724,SRR5688550
SAMN19769896,SRR15293246
SAMN20587896,
SAMN20598852,
SAMN06909729,SRR5688554
SAMN20802105,
SAMN20693749,
SAMEA104140560,
SAMN06909725,SRR5688551
SAMD00077348,DRR102940
SAMN20667892,
SAMN20701137,
SAMN20857175,
SAMN21036792,SRR19975623
SAMN21038243,SRR21680732
SAMN20982449,
SAMN20857176,
SAMN20982447,
SAMN20982448,
SAMN20855217,
SAMN20857180,
SAMN21037614,SRR21680730
SAMN18446038,SRR14347940
SAMN18446028,SRR14347974
SAMN19299915,SRR14876241
SAMN20825283,
SAMD00283124,
SAMN18446033,SRR14347962
SAMN18446031,SRR14347970
SAMN18446037,SRR14347973
SAMN18446034,SRR14347951
SAMN18446046,SRR14347980
SAMN18446039,SRR14347929
SAMN21398204,SRR15859216
SAMN21398203,SRR15859218
SAMN21398207,SRR15859208
SAMN18446027,SRR14347975
SAMD00317522,
SAMN19184696,SRR14572576 SRR17796646 SRR17796652 SRR17796653
SAMN21398202,SRR15859210
SAMN18446030,SRR14347971
SAMN18446032,SRR14347969
SAMN20959237,
SAMN18446044,SRR14347982
SAMN18446042,SRR14347918
SAMN18446029,SRR14347972
SAMN18446035,SRR14347985
SAMN21437960,
SAMN18446050,SRR14347976
SAMN18446041,SRR14347919
SAMN21398205,SRR15859214
SAMN21398206,SRR15859212
SAMN20826664,
SAMD00283125,
SAMN21369264,
SAMN20360553,
SAMN21545971,
SAMN18824126,SRR14347968
SAMN18446036,SRR14347984
SAMN21849144,
SAMN17188821,
SAMEA8913999,
SAMN22107061,
SAMN22107059,
SAMN22048341,
SAMN22107063,
SAMN21906625,
SAMN22251400,SRR18439253
SAMN22251350,SRR18439255
SAMN22107057,
SAMN22107062,
SAMN22107058,
SAMN22252057,SRR18439251
SAMN22232796,SRR18439259
SAMN22488136,
SAMEA8065684,ERR5319263 ERR5319264 ERR5319265 ERR5319266
SAMN22504350,
SAMN22251340,SRR18439257
SAMN22242657,
SAMN22107060,
SAMN21039660,SRR21680750
SAMN22242652,
SAMN22488132,
SAMN22515629,
SAMN13045724,SRR11485270 SRR13510929 SRR13510930 SRR13510937 SRR13510938 SRR13510939 SRR13510940 SRR13510941 SRR13510942 SRR25183880 SRR25183881
SAMN21169127,
SAMN22569034,
SAMN22569028,
SAMN22569035,
SAMN22569030,
SAMEA8065773,ERR5319619 ERR5319620 ERR5319621 ERR5319622
SAMN22566690,SRR16608002
SAMN08560510,
SAMN18819224,
SAMN08560511,
SAMN08560507,
SAMN08560506,
SAMN08560508,
SAMN21169132,
SAMN22569037,
SAMN22569033,
SAMN22569032,
SAMN23015264,
SAMN22830670,SRR16690172
SAMN08560505,
SAMN13045723,SRR11485261 SRR13510931 SRR13510932 SRR13510933 SRR13510934 SRR13510935 SRR13510936 SRR13510943 SRR13510944 SRR25183878 SRR25183879
SAMN21169128,
SAMN21169131,
SAMN21169125,
SAMN22569039,
SAMN22569031,
SAMN21169133,
SAMN21169129,
SAMN22896043,SRR16777110
SAMN22569026,
SAMN22933588,
SAMN23219802,
SAMN23169805,
SAMN17183821,
SAMEA9000152,ERR6411763
SAMN07666419,SRR6118141
SAMD00407182,
SAMD00407183,
SAMEA8999939,ERR6411550
SAMN24108897,
SAMN23798050,
SAMN17849355,
SAMN17319586,
SAMN21841568,SRR16071836
SAMN21841563,SRR16071821
SAMN24645352,
SAMN24579954,
SAMN14611936,
SAMN15006795,
SAMN14611938,
SAMN14611937,
SAMN15062838,
SAMN24648241,
SAMN21841557,SRR16071839
SAMN15006794,
SAMN15325682,
SAMN21841559,SRR16071827
SAMN21841571,SRR16071833
SAMN21841558,SRR16071838
SAMN21841572,SRR16071832
SAMN13193109,SRR10394563
SAMN15325683,
SAMD00407180,
SAMD00407181,
SAMN15326090,
SAMN25247371,SRR17758648
SAMN15163769,
SAMN25553860,
SAMN15163749,
SAMN18879476,
SAMN25378667,SRR21680818
SAMN25554218,
SAMN19516076,
SAMN12724284,
SAMN12724283,
SAMN13925585,
SAMN25898031,
SAMN13925551,
SAMN26013067,
SAMN26036044,SRR18070730
SAMN04100024,
SAMN04100047,
SAMN04100036,
SAMN15438205,
SAMN15437880,
SAMN15437881,
SAMN25229634,
SAMN20257618,
SAMN25236411,SRR17731597
SAMN13925566,
SAMN04100061,
SAMN04100065,
SAMN25236402,SRR17731590
SAMN04100035,
SAMN04100023,
SAMN04100040,
SAMN04100048,
SAMN04100057,
SAMN04100050,
SAMN04100056,
SAMN04100046,
SAMN13925592,
SAMN13925591,
SAMN15437873,
SAMN26012974,
SAMN04100029,
SAMN13925558,
SAMN04100060,
SAMN25236406,SRR17731602
SAMN15904651,
SAMN26106929,
SAMN20257619,
SAMN25236401,SRR17731591
SAMN25236405,SRR17731587
SAMN25236399,SRR17731593
SAMN04100037,
SAMN04100062,
SAMN04100051,
SAMN04100064,
SAMN04100053,
SAMN04100042,
SAMN04100039,
SAMN25236400,SRR17731592
SAMN25236404,SRR17731588
SAMN25236397,SRR17731603
SAMN25236410,SRR17731598
SAMN25236412,SRR17731596
SAMD00408332,
SAMN12158048,SRR25949909
SAMN12623215,SRR25949936
SAMN15904657,
SAMN15904666,
SAMN06209720,SRR5153281 SRR25949927
SAMN15904650,
SAMN25301092,
SAMN22456104,
SAMN15904649,
SAMN23139064,
SAMN26095823,
SAMN10904677,
SAMN04100030,
SAMN04100045,
SAMN04100059,
SAMN04100038,
SAMN04100049,
SAMN04100054,
SAMN25236413,SRR17731595
SAMN25236398,SRR17731594
SAMN04100052,
SAMN04100028,
SAMN04100031,
SAMN25236407,SRR17731601
SAMN15904663,
SAMN12623214,SRR25949869
SAMN15904667,
SAMN15904661,
SAMN20257638,
SAMN26542471,
SAMEA6109568,
SAMN04100027,
SAMN04100034,
SAMN04100044,
SAMN04100025,
SAMN13925570,
SAMN04100033,
SAMN04100026,
SAMN04100043,
SAMN04100055,
SAMN04100058,
SAMN04100022,
SAMN20824181,SRR15497538
SAMN26549900,
SAMN15904669,
SAMN15904655,
SAMN15904665,
SAMN15904653,
SAMN15904659,
SAMN09229080,SRR7188519
SAMN15904652,
SAMN15904648,
SAMN26512579,SRR18269322
SAMN19090729,
SAMN17168892,
SAMN15904664,
SAMN15904660,
SAMN24295374,
SAMN15904658,
SAMN08932753,SRR7026309
SAMN15904668,
SAMN15904656,
SAMN15904662,
SAMN26549971,
SAMN26856952,
SAMN22108717,
SAMN22108718,
SAMN22108723,
SAMN24737526,
SAMN13193118,SRR10394591
SAMN24737525,
SAMN22108722,
SAMN22108719,
SAMN22108720,
SAMN22108725,
SAMD00411242,
SAMN22108724,
SAMN22108716,
SAMN26656496,
SAMN22108721,
SAMD00411241,
SAMD00411243,
SAMD00441897,DRR345528
SAMN27258894,
SAMN17766542,
SAMN17766603,
SAMN22826253,
SAMN27413057,
SAMN27395225,
SAMN27258881,
SAMN27258442,
SAMN17766590,
SAMN27615948,
SAMN13925525,
SAMN17732902,SRR13606636
SAMN17732900,SRR13606634
SAMD00178070,DRR184076 DRR184077 DRR184079 DRR184078
SAMD00441898,DRR345529
SAMN17732899,SRR13606635
SAMD00231967,DRR233591
SAMN27593794,
SAMN17732901,SRR13606633
SAMN18287927,SRR13557749 SRR13557753 SRR13557754
SAMN17732903,SRR13606632
SAMN17732898,SRR13606637
SAMN17732897,SRR13606638
SAMN17732895,SRR13606640
SAMN28157183,
SAMN18287924,SRR13557743 SRR13557744 SRR13557758
SAMN27988043,SRR18972738
SAMN18287925,SRR13557755 SRR13557756 SRR13557757
SAMN27593803,
SAMN27776107,
SAMN14996619,
SAMN20339660,
SAMN20339663,
SAMN14277527,SRR11252626
SAMN20339661,
SAMN20339662,
SAMN20339665,
SAMN20339664,
SAMN23063185,
SAMN28215599,SRR19180730
SAMN28215600,SRR19180729
SAMN28404987,SRR19213028
SAMEA8065812,ERR5319775 ERR5319776 ERR5319777 ERR5319778
SAMEA8065782,ERR5319655 ERR5319656 ERR5319657 ERR5319658
SAMEA8065704,ERR5319343 ERR5319344 ERR5319345 ERR5319346
SAMEA8065712,ERR5319375 ERR5319376 ERR5319377 ERR5319378
SAMEA8065713,ERR5319379 ERR5319380 ERR5319381 ERR5319382
SAMEA8065719,ERR5319403 ERR5319404 ERR5319405 ERR5319406
SAMN28404986,SRR19213040
SAMEA8065748,ERR5319519 ERR5319520 ERR5319521 ERR5319522
SAMEA8065752,ERR5319535 ERR5319536 ERR5319537 ERR5319538
SAMEA8065716,ERR5319391 ERR5319392 ERR5319393 ERR5319394
SAMN21553517,
SAMN21839406,
SAMN28703750,
SAMN28703758,
SAMN28215601,SRR19180728
SAMN28703755,
SAMN18062621,
SAMEA8065689,ERR5319283 ERR5319284 ERR5319285 ERR5319286
SAMEA8065718,ERR5319399 ERR5319400 ERR5319401 ERR5319402
SAMN13613895,SRR10834214
SAMN21839405,
SAMN28703747,
SAMN28703742,
SAMN28703754,
SAMN28703748,
SAMN18062623,
SAMN28703753,
SAMN28703751,
SAMN28703749,
SAMN28703744,
SAMN28703745,
SAMN28703757,
SAMN28703743,
SAMN28703746,
SAMN21423978,
SAMN21839407,
SAMN17765861,
SAMN18140782,
SAMEA8065784,ERR5319663 ERR5319664 ERR5319665 ERR5319666
SAMN29011448,SRR21124987
SAMN29011449,SRR21133211
SAMN29354608,
SAMEA8065790,ERR5319687 ERR5319688 ERR5319689 ERR5319690
SAMN29499321,SRR19977229
SAMN29499312,SRR19977220
SAMN29593414,
SAMN21567261,
SAMN29593410,
SAMN29593408,
SAMN24907326,SRR18777562
SAMN24907331,SRR18777554
SAMN24907330,SRR18777556
SAMN24907327,SRR18777560
SAMN29593405,
SAMN29593407,
SAMN29593406,
SAMN29499317,SRR19977205
SAMN29593415,
SAMN29593412,
SAMN29499310,SRR19977232 SRR23300756
SAMN29499313,SRR19977209
SAMN29593409,
SAMN29593411,
SAMN29593413,
SAMN26026497,
SAMN26026495,
SAMN19036486,
SAMN09428214,
SAMN26865062,
SAMN19296500,
SAMN29932434,
SAMN29939567,SRR26205264
SAMN29939549,SRR26205293
SAMN29939563,SRR26255140
SAMN29939562,SRR26205273
SAMN29859975,
SAMN19296499,
SAMN29932457,
SAMN29814373,
SAMN19296501,
SAMN29911867,
SAMN29939558,SRR26205279
SAMN18877319,
SAMN18877320,
SAMN18877295,
SAMN18877301,
SAMN18877291,
SAMN18877302,
SAMN18877292,
SAMN04917419,
SAMN04917421,
SAMN24425732,
SAMN04917423,
SAMN04917417,
SAMN04917424,
SAMN04917422,
SAMN18877298,
SAMN30011701,
SAMN18877314,
SAMN18877299,
SAMN18877294,
SAMN18877300,
SAMN18877311,
SAMN18877313,
SAMN26026496,
SAMN19296497,
SAMN04917420,
SAMN04917418,
SAMN04917415,
SAMN30247543,
SAMN30333619,
SAMN18877289,
SAMN18877304,
SAMN18877290,
SAMN18877310,
SAMN18877317,
SAMN18877318,
SAMN18877296,
SAMN04917413,
SAMN18877293,
SAMN04917414,
SAMN18877303,
SAMN18877309,
SAMN18877316,
SAMN18877305,
SAMN18877315,
SAMN18877297,
SAMN18877307,
SAMN18877312,
SAMN30399898,
SAMN26630246,
SAMN23704831,
SAMN30247557,
SAMN28105629,
SAMN30343417,
SAMN28174089,SRR19165552
SAMN28174021,SRR19165496
SAMN28174032,SRR19165529
SAMN28174015,SRR19165487
SAMN28174072,SRR19165560
SAMN28174091,SRR19165533
SAMN28174016,SRR19165479
SAMN28174065,SRR19165538
SAMN28173996,SRR19165523
SAMN28174050,SRR19165503
SAMN28174076,SRR19165536
SAMN28174056,SRR19165570
SAMN28174010,SRR19165583
SAMN28174006,SRR19165550
SAMN28174088,SRR19165554
SAMN28174054,SRR19165553
SAMN28174017,SRR19165477
SAMN28174027,SRR19165514
SAMN13948685,SRR11148635
SAMN28174012,SRR19165555
SAMN20236810,
SAMN30608532,SRR21681207
SAMN30608554,SRR21681205
SAMN13948682,SRR11148638
SAMN28174042,SRR19165577
SAMN28174001,SRR19165517
SAMN28173990,SRR19165589
SAMN28174095,SRR19165549
SAMN28174046,SRR19165581
SAMN28174075,SRR19165564
SAMN20236813,
SAMN20236841,
SAMN20236820,
SAMN30636257,
SAMN30466960,
SAMN30672768,
SAMN29187368,
SAMN30466958,
SAMN30466959,
SAMN30466956,
SAMN24145077,SRR17250641
SAMN30656214,
SAMN29187367,
SAMN30702412,
SAMN30789312,
SAMN30656182,
SAMN30789311,
SAMN19090730,
SAMN30789308,
SAMN30789304,
SAMN30656221,
SAMN30789305,
SAMN30789313,
SAMN30672552,
SAMN30789309,
SAMN07375592,SRR5870510
SAMN30884993,
SAMN30884994,
SAMN30789306,
SAMN30789310,
SAMN30820549,
SAMN30789307,
SAMN30869335,
SAMN07363400,SRR5864678
SAMN30916740,
SAMN09489939,SRR7439153
SAMN30884995,
SAMN30655617,SRR21410264
SAMN10432165,SRR8192791
SAMN17815181,SRR13643257
SAMN30124780,
SAMN30124778,SRR21641525
SAMN30124779,SRR21641526
SAMN30996451,
SAMN20989715,
SAMN30965901,
SAMN27967421,
SAMN30965903,
SAMN26232716,SRR18131200
SAMN21154453,SRR15674630
SAMN31221298,
SAMN31266533,
SAMN30088785,
SAMN21924052,SRR16132309
SAMD00495898,DRR381634
SAMD00496013,DRR381749
SAMD00533653,DRR403237
SAMD00496009,DRR381745
SAMD00495867,DRR381603
SAMD00495933,DRR381669
SAMD00496012,DRR381748
SAMD00533654,DRR403238
SAMD00495987,DRR381723
SAMD00515063,DRR396381
SAMD00515065,DRR396385
SAMD00495880,DRR381616
SAMD00495999,DRR381735
SAMD00496007,DRR381743
SAMD00495899,DRR381635
SAMD00533655,DRR403239
SAMD00495871,DRR381607
SAMD00495965,DRR381701
SAMD00495865,DRR381601
SAMD00496004,DRR381740
SAMD00495929,DRR381665
SAMD00495925,DRR381661
SAMD00496008,DRR381744
SAMN30656336,
SAMN30656337,
SAMEA7853234,ERR5191970 ERR5191971 ERR5191972 ERR5191973
SAMD00547841,
SAMN12418785,
SAMN12419043,
SAMEA7853286,ERR5192178 ERR5192179 ERR5192180 ERR5192181
SAMN31632844,
SAMN31720454,
SAMN31720681,
SAMN31669047,
SAMEA7853282,ERR5192162 ERR5192163 ERR5192164 ERR5192165
SAMEA7962779,ERR5216506 ERR5216507 ERR5216508 ERR5216509
SAMN31669048,
SAMN31669046,
SAMN31720575,
SAMN12868540,
SAMN28550359,SRR19325006
SAMN28550362,SRR19325003
SAMN28550357,SRR19325010
SAMN28550361,SRR19325004
SAMN28550360,SRR19325005
SAMN28550358,SRR19325009
SAMN31927828,
SAMN27361463,
SAMN27361470,
SAMN27361458,
SAMN27361457,
SAMN11875193,
SAMN27361467,
SAMN27361466,
SAMN27361461,
SAMN27361453,
SAMN27361456,
SAMN27361468,
SAMN11230682,
SAMN30630702,
SAMN32080938,SRR22875067
SAMN32080935,SRR22875070
SAMN24579955,
SAMN32260121,
SAMN32339621,
SAMN32339857,
SAMN15907123,SRR12519139
SAMN32736966,
SAMN31988416,SRR22543904
SAMN31988466,SRR22543948
SAMN31988385,SRR22543837
SAMN31988394,SRR22543827
SAMN31988467,SRR22543947
SAMN31988420,SRR22543900
SAMN32691645,
SAMN31988516,SRR22543861
SAMN31988492,SRR22543887
SAMN31988450,SRR22543798
SAMN31988488,SRR22543892
SAMN31988524,SRR22543847
SAMN31988472,SRR22543941
SAMN31988400,SRR22543922
SAMN31988481,SRR22543931
SAMN32736923,
SAMN31988404,SRR22543917
SAMN31988454,SRR22543793
SAMN31988469,SRR22543945
SAMN31988518,SRR22543854
SAMN31988496,SRR22543883
SAMN31988497,SRR22543882
SAMN31988445,SRR22543803
SAMN31988477,SRR22543936
SAMN31988482,SRR22543930
SAMN32755850,SRR23100676
SAMN32755851,SRR23100675
SAMN32755849,SRR23100677
SAMN32743768,
SAMN30844958,
SAMN30450095,
SAMN28100825,
SAMN11230615,
SAMN31988479,SRR22543934
SAMN29553897,
SAMN29553890,
SAMN32924205,
SAMN32957160,
SAMN32925239,
SAMN29553882,
SAMN29553884,
SAMN29553881,
SAMN29553893,
SAMN29553895,
SAMN26675664,
SAMN29553883,
SAMN29553896,
SAMN29553880,
SAMN29553889,
SAMN29553891,
SAMN29553894,
SAMN29553887,
SAMN29553888,
SAMN29553885,
SAMN29553886,
SAMN33198549,
SAMN32746371,
SAMN14968778,
SAMN33214858,
SAMN23175190,
SAMN23175191,
SAMN32977649,SRR23290089
SAMN33244370,
SAMN23100651,
SAMN33244357,
SAMN33246662,
SAMN33244319,
SAMN33214846,
SAMN33244344,
SAMN33214804,
SAMN23170097,
SAMN24018741,
SAMN31881052,
SAMN19028101,
SAMN18927628,
SAMN33417457,SRR24502285
SAMN18928494,
SAMN30273450,
SAMN33426038,
SAMN24528388,
SAMN18927803,
SAMN33693442,
SAMN33417455,SRR24502289
SAMN33417456,SRR24502287
SAMN18917855,
SAMN18927774,
SAMN18917930,
SAMN33693440,
SAMN33693441,
SAMN33693439,
SAMN33693438,
SAMN33748625,SRR24322335
SAMN33712750,SRR23800502
SAMN33902174,
SAMN33924087,
SAMN32344432,
SAMN31396625,
SAMN14154215,
SAMN13742266,
SAMN33748626,SRR24322337
SAMN33748627,SRR24390060
SAMN33924090,
SAMN34068129,
SAMN33748628,SRR24321376
SAMN31521643,
SAMN33748624,SRR24321378
SAMN33924088,
SAMN33924086,
SAMN33924091,
SAMN33693437,
SAMN33924089,
SAMN14153678,
SAMN32347786,
SAMN32347329,
SAMN33842744,SRR23929259
SAMN34152242,
SAMN34164623,
SAMN34164601,
SAMN34164682,
SAMN32977680,SRR24782055
SAMN32977832,SRR24782006
SAMN34178803,
SAMN30916723,
SAMN34315323,
SAMN34164624,
SAMN34164680,
SAMN34152241,
SAMN29553892,
SAMN32340034,
SAMD00164371,DRR170688
SAMD00562888,
SAMD00562882,
SAMD00562890,
SAMD00562886,
SAMD00562884,
SAMD00562883,
SAMD00562889,
SAMN18917646,
SAMN34375058,SRR24308053
SAMN34375050,SRR24308061
SAMN34375051,SRR24308060
SAMN34375061,SRR24308049
SAMD00562881,
SAMN18536561,
SAMN34375064,SRR24308046
SAMN18536560,
SAMN34360982,SRR24308070
SAMN34375057,SRR24308054
SAMN34375052,SRR24308059
SAMN34375055,SRR24308056
SAMN34360985,SRR24308067
SAMN34375053,SRR24308058
SAMN34375049,SRR24308062
SAMN34375048,SRR24308064
SAMN34360981,SRR24308071
SAMN34375047,SRR24308065
SAMN32549611,
SAMN32549645,
SAMN32549616,
SAMN31370359,SRR21983746
SAMN34360957,SRR24308019
SAMN34360963,SRR24308091
SAMN34360959,SRR24308109
SAMN34360977,SRR24308076
SAMN34360954,SRR24308052
SAMN34360978,SRR24308075
SAMN34360962,SRR24308092
SAMD00562885,
SAMD00562887,
SAMN34360983,SRR24308069
SAMN14640123,SRR11585298
SAMN34375063,SRR24308047
SAMN34360984,SRR24308068
SAMN31370355,SRR21983750
SAMN32549608,
SAMN32549675,
SAMN32549586,
SAMN32549654,
SAMN32549648,
SAMN32549624,
SAMN18536563,
SAMN34375062,SRR24308048
SAMN34375056,SRR24308055
SAMN34375059,SRR24308051
SAMN34375054,SRR24308057
SAMN32549584,
SAMN32549665,
SAMN32549664,
SAMN31436521,
SAMN32549646,
SAMN32549609,
SAMN32549644,
SAMN32549606,
SAMN32549599,
SAMN32549652,
SAMN32549674,
SAMN34360967,SRR24308087
SAMN34360960,SRR24308098
SAMN34360961,SRR24308093
SAMN34360966,SRR24308088
SAMN34360969,SRR24308084
SAMN32549661,
SAMN32549601,
SAMN34130386,
SAMN35066627,
SAMN31370357,SRR21983748
SAMN31370358,SRR21983747
SAMN32549626,
SAMN32549600,
SAMN32549625,
SAMN32549585,
SAMN32549676,
SAMN32549666,
SAMN32549623,
SAMN34375065,SRR24308045
SAMN32549647,
SAMN34130472,
SAMN34130471,
SAMN34360951,SRR24308085
SAMN34360955,SRR24308041
SAMN34360956,SRR24308030
SAMN34360970,SRR24308083
SAMN34360974,SRR24308079
SAMN34360950,SRR24308110
SAMN34360975,SRR24308078
SAMN34360958,SRR24308008
SAMN34360976,SRR24308077
SAMN34360953,SRR24308063
SAMN32472040,
SAMN31370356,SRR21983749
SAMN32549597,
SAMN34375060,SRR24308050
SAMN32549667,
SAMN32549656,
SAMN32549596,
SAMN32549595,
SAMN32549607,
SAMN32549615,
SAMN32549651,
SAMN32549650,
SAMN30724602,
SAMN34360973,SRR24308080
SAMN34360949,SRR24308111
SAMN34360965,SRR24308089
SAMN34360964,SRR24308090
SAMN34360971,SRR24308082
SAMN34360952,SRR24308074
SAMN34360972,SRR24308081
SAMN33830321,
SAMN33830324,
SAMN30724592,
SAMN30724605,
SAMN33830322,
SAMN33830320,
SAMN30724595,
SAMN30724613,
SAMN33830323,
SAMN30667240,
SAMN30667243,
SAMN34133717,
SAMN35304508,
SAMN34133716,
SAMN34133715,
SAMN30667242,
SAMN35304495,
SAMN34133712,
SAMN35304393,
SAMN34133713,
SAMN35637912,
SAMN35637913,
SAMN30667245,
SAMN32796398,
SAMN35637914,
SAMN35637330,
SAMN35637911,
SAMN35637910,
SAMN35637331,
SAMD00439258,
SAMD00566465,DRR490213
SAMD00585622,
SAMD00585623,
SAMD00566463,DRR490207
SAMD00585615,
SAMD00585620,
SAMD00585614,
SAMD00565531,DRR490217
SAMD00585621,
SAMN35725363,
SAMD00585619,
SAMD00608481,
SAMD00566464,DRR490209
SAMD00587241,
SAMD00439260,
SAMD00585618,
SAMD00566112,DRR489893
SAMD00587239,
SAMD00566111,DRR490211
SAMD00585617,
SAMD00566110,DRR490215
SAMD00566466,DRR490219
SAMD00585626,
SAMD00587232,
SAMD00587240,
SAMD00587229,
SAMD00587233,
SAMD00587235,
SAMN35706290,SRR25500368
SAMN31007791,SRR21706773
SAMN31007789,SRR21706775
SAMN31007794,SRR21706792
SAMN31007793,SRR21706793
SAMN31007788,SRR21706776
SAMN31007787,SRR21706777
SAMN31007783,SRR21706795
SAMN31007790,SRR21706774
SAMN31007786,SRR21706778
SAMN31007792,SRR21706772
SAMN31007784,SRR21706794
SAMN31007785,SRR21706783
SAMN35722722,
SAMN35889837,
SAMN35722720,
SAMN35722718,
SAMN35722723,
SAMN35722721,
SAMN35977202,
SAMN35722717,
SAMN35768950,SRR24951985
SAMN35654571,SRR24848396
SAMN35768953,SRR24951952
SAMN35654577,SRR24848390
SAMN35654570,SRR24848398
SAMN35654468,SRR24848324
SAMN35768984,SRR24951861
SAMN35769053,SRR24951970
SAMN35654465,SRR24848359
SAMN35768952,SRR24951963
SAMN35769085,SRR24951935
SAMN35768989,SRR24951856
SAMN35769033,SRR24951885
SAMN35769031,SRR24951887
SAMN35768957,SRR24951913
SAMN35883540,
SAMN35654555,SRR24848297
SAMN35769045,SRR24951979
SAMN33425319,SRR23601482
SAMN33425314,SRR23601487
SAMN36269620,
SAMN36269677,
SAMN36269400,
SAMN35984967,
SAMN33425307,SRR23601469
SAMN33425303,SRR23601480
SAMN33425322,SRR23601478
SAMN33425318,SRR23601483
SAMN36269257,
SAMN36269387,
SAMN36269290,
SAMN36083486,
SAMN36269922,
SAMN36084424,
SAMN20934298,SRR21979981
SAMN20934303,SRR21979976
SAMN20934302,SRR21979977
SAMN20934297,SRR21979982
SAMN20934293,SRR21979952
SAMN20934286,SRR21979985
SAMN20934295,SRR21979950
SAMN20934289,SRR21979962
SAMN35842356,
SAMN20934299,SRR21979980
SAMN20934290,SRR21979955
SAMN20934300,SRR21979979
SAMN20934291,SRR21979954
SAMN20934288,SRR21979973
SAMN20934294,SRR21979951
SAMN20934292,SRR21979953
SAMN20934287,SRR21979984
SAMN20934301,SRR21979978
SAMN20934296,SRR21979983
SAMN36664847,
SAMN36696311,
SAMN36696312,
SAMN29883560,
SAMN31158875,
SAMN31158885,
SAMN34121641,
SAMN31158872,
SAMN31158876,
SAMN31158879,
SAMN31158865,
SAMN35620195,
SAMN31158882,
SAMN31158867,
SAMN31158866,
SAMN31158869,
SAMN31158864,
SAMN15378039,
SAMN31158868,
SAMN35620194,
SAMN31158883,
SAMN31158874,
SAMN31158871,
SAMN34121017,
SAMN31158873,
SAMN34360980,SRR24308072
SAMN30724608,
SAMN35620193,
SAMN33821370,SRR23909974
SAMN31158880,
SAMN31158878,
SAMN31158877,
SAMN31158881,
SAMN31158884,
SAMN31158870,
SAMN31158863,
SAMN36835253,
SAMN36841951,SRR25523645
SAMN36852611,SRR25536468
SAMN36835240,
SAMN36841952,SRR25523643
SAMN36942423,
SAMN36909132,
SAMN32339846,
SAMN10141460,SRR7912381
SAMN32339853,
SAMN10141490,SRR7912411
SAMN10141462,SRR7912383
SAMN32339854,
SAMN32339847,
SAMN32339848,
SAMN33688535,
SAMN10141488,SRR7912362
SAMN10141433,SRR7912392
SAMN32339855,
SAMN32339851,
SAMN32339838,
SAMN32339843,
SAMN32339837,
SAMN32339842,
SAMN32339841,
SAMN37004833,
SAMN32339844,
SAMN32339840,
SAMN32270317,
SAMN37200063,
SAMN35073553,
SAMN32081699,
SAMN35073571,
SAMN32081212,
SAMN35073552,
SAMN32081232,
SAMN32081693,
SAMN32081211,
SAMN32081197,
SAMN37200062,
SAMN37200064,
SAMN32081593,
SAMN37323663,
SAMN37323657,
SAMN37323661,
SAMN37323656,
SAMN19820927,SRR15012771
SAMN20282879,
SAMN37196942,
SAMN37196947,
SAMN37323659,
SAMN37196943,
SAMN35621337,SRR24827095
SAMN37323662,
SAMN37323660,
SAMN37323655,
SAMN37323658,
SAMN35621336,SRR24827096
SAMN35621341,SRR24827104
SAMN35621340,SRR24827105
SAMN35073068,
SAMN37422107,
SAMN36947641,
SAMN37529172,SRR26162850
SAMN35083897,
SAMN35769084,SRR24951936
SAMN35769097,SRR24951922
SAMN35768946,SRR24951844
SAMN33372272,SRR23545855
SAMN35769104,SRR24951914
SAMN35768949,SRR24951889
SAMN35769058,SRR24951965
SAMN37528247,
SAMN37528253,
SAMN37528251,
SAMN37300944,
SAMN35768963,SRR24951906
SAMN37528252,
SAMN37529175,SRR26162833
SAMN35768941,SRR24951986
SAMN35769064,SRR24951958
SAMN35769068,SRR24951954
SAMN35768948,SRR24951900
SAMN35768982,SRR24951863
SAMN35769040,SRR24951984
SAMN35768940,SRR24951987
SAMN37528254,
SAMN37529180,SRR26162828
SAMN35083899,
SAMN35084059,
SAMN37528249,
SAMN37528248,
SAMN37528250,
SAMN37505573,
SAMN35769099,SRR24951920
SAMN35768990,SRR24951854
SAMN35768994,SRR24951850
SAMN35768988,SRR24951857
SAMN37648160,SRR26255144
SAMN37648161,SRR26255142
SAMEA4076774,
SAMN34360979,SRR24308073
SAMN37648159,SRR26255146
SAMN04435507,
SAMN04435508,
SAMN03107000,
SAMN03277614,
SAMN03277613,
SAMN03277612,
SAMN03277615,
SAMN03277619,
SAMN03277617,
SAMN03277616,
SAMN03277618,
SAMEA3143339,ERR689069
SAMN02404590,SRR1039666 SRR2529478 SRR2529488 SRR2529494 SRR2533204
SAMN02404591,SRR2537294 SRR2596368 SRR2619692 SRR2619693
SAMN13642132,
SAMN04435499,
SAMN04435497,
SAMN15572260,
SAMN15572258,
SAMN15572257,
SAMN15572259,
SAMN15572256,
SAMN10364854,
SAMN04103124,
SAMN04191546,SRR2762258 SRR2910654 SRR2962325
SAMN04447632,SRR3195836
SAMN04447624,SRR3195840
SAMN04447636,SRR3195841
SAMN04447635,SRR3195851
SAMN04447630,SRR3195852
SAMN04447629,SRR3195839
SAMN04447623,SRR3195765
SAMN04040761,SRR2299395 SRR5016659
SAMN04191551,SRR2914453
SAMN04531998,
SAMN04191553,SRR2914455
SAMD00108492,
SAMN10790219,
SAMN08768105,SRR7896257
SAMN11310481,SRR13498088 SRR13498089 SRR13498091 SRR13498092 SRR13498093 SRR13498094 SRR13498095 SRR13498096 SRR13498097 SRR13498098 SRR13498099 SRR13498100 SRR13498102 SRR13498103 SRR13498104 SRR13498105
SAMN11787763,SRR10119255 SRR10119256 SRR10119257 SRR10119258 SRR10119259 SRR10119260 SRR10119261 SRR10119262 SRR10119263 SRR10119264 SRR10119265 SRR10119266 SRR10119267 SRR10119268 SRR10119269 SRR10119270 SRR10119271 SRR10119272 SRR10119273 SRR10119274 SRR10119275 SRR10119276 SRR10119277 SRR10119278 SRR10119279 SRR10119280 SRR10119281 SRR10119282 SRR10258055 SRR10258058 SRR10258059 SRR10258060 SRR10258062 SRR10258124 SRR10258125 SRR10258153 SRR10258154 SRR10258155 SRR10258157 SRR10258158 SRR10258159 SRR10258163 SRR10258164 SRR10258167 SRR10258169 SRR10258171 SRR10258176 SRR10258177 SRR10258178 SRR10258179 SRR10258188 SRR10258189 SRR10258190 SRR10258191 SRR10258192 SRR10258193 SRR10258198 SRR10258203 SRR10258206 SRR10258231 SRR10119283 SRR10119284 SRR10119285 SRR10119286 SRR10119287 SRR10119288 SRR10119289 SRR10119290 SRR10119291 SRR10119292 SRR10119293 SRR10119294 SRR10119295 SRR10119296
SAMN11786966,SRR10119414 SRR10119415 SRR10119416 SRR10119417 SRR10119418 SRR10119419 SRR10119420 SRR10119421 SRR10119422 SRR10119423 SRR10119424 SRR10119425 SRR10119426 SRR10119427 SRR10119428 SRR10119429 SRR10119430 SRR10119431 SRR10119432 SRR10119433 SRR10119434 SRR10119435 SRR10119436 SRR10119437 SRR10119438 SRR10119439 SRR10119440 SRR10119441 SRR10257951 SRR10257953 SRR10257954 SRR10257955 SRR10257957 SRR10257958 SRR10257962 SRR10257963 SRR10257969 SRR10257970 SRR10257973 SRR10257974 SRR10257978 SRR10257979 SRR10257980 SRR10257981 SRR10257982 SRR10257983 SRR10257984 SRR10257985 SRR10258031 SRR10258032 SRR10258033 SRR10258034 SRR10258035 SRR10258056 SRR10258122 SRR10258208 SRR10258209 SRR10258210 SRR10258225 SRR10338477 SRR10119442 SRR10119443 SRR10119444 SRR10119445 SRR10119446 SRR10119447 SRR10119448 SRR10119449 SRR10119450 SRR10119451 SRR10119452 SRR10119453 SRR10119454 SRR10119455
SAMN10531264,SRR8292155
SAMN12261986,SRR9694420
SAMN05360242,SRR4301569 SRR15415571
SAMN05360235,SRR4301494 SRR15415608
SAMN11229493,SRR15415620
SAMN05360162,SRR4301548 SRR15415535
SAMN11229500,SRR15415574
SAMN05360230,SRR4301588 SRR15415615
SAMN05360149,SRR4301497 SRR15415537
SAMN11229478,SRR15415556
SAMN05360231,SRR4301513 SRR15415614
SAMN05360204,SRR4301555 SRR15415551
SAMN11229489,SRR15415539
SAMN11229498,SRR15415578
SAMN11229497,SRR15415580
SAMN11229480,SRR15415554
SAMN05360171,SRR4301501 SRR15415528
SAMN05360240,SRR4301577 SRR15415605
SAMN11229491,SRR15415622
SAMN05360170,SRR4301550 SRR15415531
SAMN05360191,SRR4301564 SRR15415550
SAMN11229501,SRR15415573
SAMN11229490,SRR15415538
SAMN05360163,SRR4301544 SRR15415534
SAMN05360237,SRR4301522 SRR15415607
SAMN05360217,SRR4301574 SRR15415618
SAMN10574722,SRR10337442
SAMN11229495,SRR15415611
SAMN11229492,SRR15415621
SAMN05360158,SRR4301531 SRR15415536
SAMN11229479,SRR15415555
SAMN05360225,SRR4301521 SRR15415609
SAMN11229487,SRR15415542
SAMN05360245,SRR4301525 SRR15415570
SAMN05360205,SRR4301554 SRR15415623
SAMN05360196,SRR4301527 SRR15415548
SAMN05360202,SRR4301519 SRR15415553
SAMN05360221,SRR4301579 SRR15415617
SAMN11229494,SRR15415610
SAMN11229496,SRR15415613
SAMN05360175,SRR4301505 SRR15415626
SAMN11267279,SRR15415532
SAMN05360232,SRR4301514 SRR15415612
SAMN11229482,SRR15415547
SAMN11229481,SRR15415549
SAMN11229477,SRR15415557
SAMN05360178,SRR15415624 SRR4301539
SAMN11229488,SRR15415540
SAMN05360243,SRR4301571 SRR15415572
SAMN05360216,SRR4301562 SRR15415619
SAMN04510563,SRR3191403
SAMN16409547,
SAMN16946945,SRR13160357 SRR13160358
SAMN16946946,SRR13160360
SAMN16946947,SRR13160359
SAMN16956340,SRR13167188
SAMN16327615,
SAMN16327610,
SAMN16327606,
SAMN16327613,
SAMN16327609,
SAMN16327598,SRR15376142
SAMN16327588,SRR15376150
SAMN16327592,SRR15376145
SAMN16327583,SRR15376154
SAMN16327587,SRR15376151
SAMN16327595,
SAMN16327585,
SAMN16327612,
SAMN16327611,
SAMN16327601,
SAMN16327603,
SAMN16327599,SRR15376141
SAMN16327616,
SAMN16327605,
SAMN16327600,
SAMN16327602,
SAMN16327608,
SAMN16327604,
SAMN16327589,
SAMN16327590,SRR15376149
SAMN16327584,SRR15376153
SAMN16327586,SRR15376152
SAMN16327596,
SAMN16327593,SRR15376146
SAMN16327591,SRR15376147
SAMN16327594,SRR15376144
SAMN16327607,
SAMN16327597,SRR15376143
SAMN16327614,
SAMN11310480,SRR13498078 SRR13498079 SRR13498080 SRR13498081 SRR13498082 SRR13498083 SRR13498084 SRR13498085 SRR13498086 SRR13498087 SRR13498090 SRR13498101 SRR13498106 SRR13498107 SRR13498108 SRR13498109
SAMN17295279,SRR14419377
SAMN03470766,SRR14419383
SAMN03470769,SRR14419385
SAMN17295278,SRR14419375
SAMN17295281,SRR14419381
SAMN17295280,SRR14419379
SAMN17295277,SRR14419387
SAMN20437390,SRR15277995
SAMN07666420,SRR6118142
SAMN20437362,SRR15277999
SAMN20437425,
SAMN20437332,
SAMN14078792,
SAMN30166758,
SAMN30166759,
SAMN36938186,SRR25603927
SAMN36828866,SRR25510170
SAMN36938187,SRR25603929
SAMN36938185,SRR25603930
SAMN36872530,SRR25551086
SAMN13348336,SRR10506462
SAMN02905113,SRR1509643
SAMN15296135,SRR23929852
SAMN34435701,
SAMEA35194168,
SAMEA35192668,
SAMD00172295,DRR179471
SAMN14575425,
SAMN02604094,
SAMEA2272277,
SAMN12569951,
SAMN08768102,SRR7896252
SAMN11229486,SRR15415543
SAMN11229485,SRR15415544
SAMN11229483,SRR15415546
SAMN11229484,SRR15415545
SAMN11229499,SRR15415577
SAMN11229503,SRR15415576
SAMN02604262,
SAMEA2272237,
SAMD00061081,
SAMN02794012,
SAMN07451663,
SAMN15325684,
SAMN02604038,
SAMN02604037,SRR10997234 SRR10997236 SRR10997249 SRR10997256 SRR10997275 SRR10997279 SRR10997280 SRR10997289 SRR10997292 SRR10997307 SRR10997308
SAMN02435896,
SAMN02604181,
SAMN00000110,
SAMN16339622,SRR13823837
SAMN16339607,SRR13823732
SAMN08768106,SRR7896256
SAMN08768108,SRR7896254
SAMN01911278,
SAMN02603424,
SAMD00061087,
SAMN02603421,
SAMD00060923,
SAMN02604066,
SAMN02603441,
SAMN02603478,
SAMEA2272558,
SAMN14933839,
SAMN20703503,
SAMN07510752,
SAMN02598405,
SAMN12725937,
SAMN10230083,
SAMN06645125,
SAMN02596920,
SAMN08158212,
SAMN02604091,SRR13921543 SRR13921545 SRR13921546 SRR13921549 SRR13921550 SRR13921551 SRR13921552 SRR13921554 SRR13921555 SRR13921556 SRR13921557 SRR13921558 SRR13921559 SRR13921560 SRR13921561
SAMN02743420,
SAMN04393382,
SAMN04403366,
SAMN10139565,
SAMN02597081,
SAMEA7306517,
SAMN03203487,
SAMN10144109,
SAMN28614400,
SAMN28614399,
SAMN28614401,
SAMN28614398,
SAMN15681552,
SAMN14933840,
SAMN02598470,
SAMD00060976,
SAMN02604255,
SAMN02602978,
SAMN02604169,
SAMN06314223,
SAMD00060955,
SAMEA1705959,
SAMN08768109,SRR7896259
SAMEA3138230,
SAMEA3138231,
SAMEA3138229,
SAMEA3138234,
SAMD00060956,
SAMD00060957,
SAMEA3138414,
SAMN21159024,
SAMN02604168,
SAMN02603900,
SAMN02603258,
SAMN03013572,
SAMN17570629,
SAMN17570628,
SAMN11080426,
SAMN02603727,
SAMN02604221,
SAMN02603636,
SAMN02603334,
SAMN02603645,
SAMN02949643,SRR3492218 SRR3492219
SAMN13623895,
SAMN02949644,SRR3492223
SAMN00002656,
SAMN10252913,
SAMN00017915,
SAMN02603903,
SAMN02603902,
SAMN35084061,
SAMN02436016,
SAMN02673556,
SAMN16304178,
SAMN04605558,
SAMEA2272019,
SAMN14594834,
SAMN14594835,
SAMN16520835,
SAMN28174053,SRR19165562
SAMN28174028,SRR19165519
SAMN28174099,SRR19165545
SAMN28173988,SRR19165483
SAMN28174092,SRR19165534
SAMN28174062,SRR19165501
SAMN28174008,SRR19165548
SAMN28174077,SRR19165476
SAMEA112356745,ERR10799305
SAMEA112356748,ERR10799308
SAMEA112356747,ERR10799307
SAMEA112356746,ERR10799306
SAMN03371467,
SAMN07339706,SRR5816151
SAMN08768107,SRR7896255
SAMN08768103,SRR7896251
SAMN15904654,
SAMN02469619,
SAMN06173362,SRR5440733
SAMN06173361,SRR5427930
SAMN08768110,SRR7896258
SAMN14078793,
SAMN05007044,
SAMN05007045,
SAMN06173306,SRR5413253
SAMN12648979,
SAMN12670427,
SAMN12648978,
SAMN12648980,
SAMN12648977,
SAMN03856947,
SAMN02604278,
SAMN02471895,
SAMN08724651,SRR7827094
SAMN08724660,
SAMN33389351,SRR23563028
SAMN10887317,
SAMN09742412,
SAMN09742410,
SAMN10887318,
SAMN09742415,
SAMN10887315,
SAMN10887316,
SAMN09742414,
SAMN09742413,
SAMN09742411,
SAMN09742416,
SAMN08724650,SRR7828044
SAMN08165042,SRR7828257
SAMN08724616,SRR7827093
SAMN08724618,SRR7828054
SAMN08724661,SRR7828323
SAMN04623227,
SAMN02603406,
SAMN08768111,SRR7896248
SAMN08768104,SRR7896250
SAMD00166616,DRR178158 DRR308053
SAMD00166686,DRR178228 DRR308054
SAMN01831188,SRR647492
SAMN01831190,SRR647666
SAMN01831189,SRR647664
SAMN02928551,
SAMN03093203,
SAMN03081527,
SAMN02641383,
SAMN03081526,
SAMN02641384,
SAMN02603426,
SAMN03852615,
SAMN02929659,SRR2889880
SAMN02872945,
SAMN03274236,
SAMN03265100,
SAMN02147037,SRR2533563 SRR2544681
SAMN02604176,
SAMN02304041,SRR941218 SRR15415533
SAMN02603887,
SAMN04481707,
SAMN03765122,
SAMEA2272347,
SAMN06445833,
SAMN03761813,
SAMEA3138816,
SAMN02440167,SRR1424625
SAMN02580208,
SAMN30184957,
SAMN02353067,
SAMN07656210,
SAMN07509121,
SAMN04578538,SRR3290448
SAMN02353134,
SAMN07638908,
SAMN07656212,
SAMN02951658,
SAMN07656211,
SAMN12603272,SRR10013874
SAMN03761814,
SAMD00179457,DRR184759
SAMN19011645,SRR14750050
SAMN07656205,
SAMN07656206,
SAMN07656203,
SAMN04851096,
SAMN07656209,
SAMN07731009,
SAMD00199041,DRR203158
SAMN21159020,
SAMN21542538,
SAMN21159023,
SAMN08737532,SRR8924821
SAMN07594018,
SAMN17217524,
SAMN16304199,
SAMN21159019,
SAMN12158196,
SAMN12565117,
SAMN12603265,SRR10013885
SAMN12603268,SRR10013870
SAMN12603258,SRR10013881
SAMN12603270,SRR10013872
SAMN12603261,SRR10013890
SAMN12603262,SRR10013891
SAMN12603266,SRR10013886
SAMN12603271,SRR10013873
SAMN12603264,SRR10013884
SAMN12603259,SRR10013888
SAMN12603260,SRR10013889
SAMN12603257,SRR10013880
SAMN12603269,SRR10013871
SAMN12603256,SRR10013879
SAMN12603267,SRR10013887
SAMN12603263,SRR10013883
SAMN12603254,SRR10013882
SAMN13782172,
SAMN15822731,
SAMN16183875,
SAMN16183874,
SAMN16183872,
SAMN16183873,
SAMN16304150,
SAMN16304114,
SAMN16304146,
SAMN16304240,
SAMN16304208,
SAMN16304212,
SAMN16304211,
SAMN17831486,
SAMN17831485,
SAMN17831484,
SAMN17831483,
SAMN17831481,
SAMN18530112,SRR14148800
SAMN19011647,SRR14750047
SAMN19011646,SRR14750046
SAMN35028020,
SAMN35028021,
SAMN35028025,
SAMN35028022,
SAMN20003598,SRR14934097
SAMN20003582,SRR14934092
SAMN20003587,SRR14934083
SAMN21159022,
SAMN21159021,
SAMN21159018,
SAMN30077658,
SAMN30930595,
SAMN30931041,
SAMN30931623,
SAMN33807011,SRR23903972
SAMN33841339,SRR23928154
SAMN35028026,
SAMN35028030,
SAMN35028031,
SAMN35028029,
SAMN35028027,
SAMN35028028,
SAMN35028023,
SAMN35028024,
