SAMN19866762,
SAMN23378274,
SAMN23378277,
SAMN32628980,
SAMEA3106395,
SAMN03988471,SRR2407791
SAMN05255999,
SAMN04285042,SRR2939562
SAMN04364590,SRR3129297
SAMN13850655,
SAMN11355817,
SAMN11355818,
SAMN30540908,
SAMN11355816,
SAMN33760338,SRR23864779
SAMN33760342,SRR23864784
SAMN25608808,SRR17880799
SAMN26567210,SRR18297517
SAMN26540071,
SAMN33760351,SRR23864770
SAMN33760349,SRR23864768
SAMN33760354,SRR23864773
SAMN33760335,SRR23864758
SAMN10434137,SRR8196858
SAMN03463818,
SAMN13002973,SRR11101397
SAMN14504656,SRR11457688
SAMN14504546,SRR11457468
SAMN23543477,
SAMN33677878,
SAMN33677876,
SAMN33677882,
SAMN33677883,
SAMN33677875,
SAMN33677887,
SAMN33677880,
SAMN33677877,
SAMN33677886,
SAMN33677884,
SAMN33677879,
SAMN13002952,SRR11101395
SAMN13002763,SRR11101341
SAMN04961988,SRR4012688
SAMN08903186,
SAMN11979405,
SAMN26236019,
SAMN06192066,
SAMN29431226,
SAMN26178599,
SAMN26139402,
SAMN10261268,SRR8100800 SRR9099596
SAMN03959818,
SAMN03959817,
SAMN36745160,
SAMN17221882,
SAMN07522555,
SAMN04156727,SRR2896022
SAMN04334629,SRR3028738 SRR3684173
SAMN05263516,SRR3703041
SAMN05263553,SRR3707412
SAMN05263538,SRR3703080
SAMN05263504,SRR3707415
SAMN05263515,SRR3685561
SAMN04334642,SRR3028751 SRR3711252
SAMN04334633,SRR3028742 SRR3684194
SAMN05263514,SRR3682071
SAMN06173332,SRR5409216
SAMN06560104,
SAMN12603255,SRR10013875
SAMN12648954,
SAMN14504769,SRR11457440
SAMN14504710,SRR11457537
SAMN12082795,SRR9313462
SAMN14504925,SRR11457713
SAMN14504560,SRR11457568
SAMN04156749,SRR2598330
SAMN04156715,SRR2898679
SAMN32950796,
SAMN03255434,SRR1950246 SRR1950247
SAMN08737531,
SAMN09741727,
SAMN35717869,
SAMN05277890,SRR3709728
SAMN04334640,SRR3028749 SRR3711286
SAMN05263517,SRR3703074
SAMN05277889,SRR3709723
SAMN05263513,SRR3707447
SAMN09237638,SRR7208782
SAMN08470240,
SAMN14504803,SRR11457626
SAMN32950808,
SAMN32950807,
SAMN32950806,
SAMN32950809,
SAMN32950811,
SAMN32950810,
SAMN06045055,SRR5056582
SAMN10243031,SRR16301610
SAMD00280083,DRR278176
SAMN06030177,SRR5055251
SAMN05514141,
SAMN12648955,
SAMEA4028451,
SAMN10485461,
SAMN10501886,SRR8264778
SAMN11029489,SRR8645347
SAMN06030139,SRR5055281
SAMN11029488,SRR8645346
SAMN10501888,SRR8264780
SAMN10501887,SRR8264777
SAMD00171749,DRR178302
SAMN14504550,SRR11457803
SAMN14504707,SRR11457540
SAMN14504879,
SAMEA2517359,
SAMN04549535,SRR3272258
SAMN04451263,SRR3168967 SRR24638752
SAMN04014968,SRR3112287
SAMN04961653,
SAMN13450458,SRR12046724
SAMN16357235,SRR12826194
SAMN04932651,
SAMN05631013,
SAMN05756207,
SAMN12070264,SRR9307307
SAMN08272061,
SAMN02934521,SRR1608976
SAMN08323710,
SAMN03996249,SRR2814419 SRR2814420
SAMN12715008,
SAMN17316236,
SAMN11056402,SRR9163323
SAMN11056422,SRR9171842 SRR9171843
SAMN04961926,SRR4012626
SAMN07427971,SRR5886281
SAMN03742073,SRR2124389
SAMN08449845,
SAMN07427966,SRR5886290
SAMN07427968,SRR5886298
SAMN07135152,SRR5884063
SAMN11565614,
SAMN02678831,SRR1257282
SAMN04192176,SRR2671205
SAMN20693596,
SAMN02265272,SRR958039
SAMN11056483,SRR9641505
SAMN09519168,
SAMN26664047,SRR18329058
SAMN15471789,SRR12170550
SAMN12070255,SRR9307306
SAMN16419722,
SAMN16419720,
SAMN14309716,
SAMN15666303,SRR12342989
SAMN15666302,SRR12342990
SAMN15891899,
SAMN29630309,
SAMN29630109,
SAMN29630270,
SAMN29630588,
SAMN29630349,
SAMN29630312,
SAMN29631754,
SAMN29630500,
SAMN29630085,
SAMN29629757,
SAMN06044987,SRR5056410
SAMN11056427,SRR9172122
SAMN11565619,
SAMN13390196,SRR10533028
SAMN30802446,SRR21539847
SAMN30802444,SRR21539849
SAMN13354305,SRR10513728
SAMN13354303,SRR10513727
SAMN30802447,SRR21539846
SAMN30802443,SRR21539850
SAMN16357413,SRR13183047
SAMN25270680,
SAMN25270676,
SAMN25270671,
SAMN25270670,
SAMN25270674,
SAMN25270677,
SAMN19104843,
SAMN14927984,
SAMN07151168,SRR5581941
SAMN20345806,SRR15212459
SAMN19812510,
SAMN19812511,
SAMN19812513,
SAMN15666299,SRR12342993
SAMN15666300,SRR12342992
SAMN33715200,SRR23803335
SAMN33715202,SRR23803333
SAMN33715203,SRR23803332
SAMN34003877,
SAMN24619911,
SAMN16357236,SRR12826196
SAMN13450408,SRR12047330
SAMN15897436,
SAMN17208412,
SAMN15350026,SRR12084634
SAMN25249354,
SAMN25249355,
SAMN16419718,
SAMN30507085,
SAMN37105856,
SAMN14571954,
SAMN04961992,SRR4012716
SAMN04961950,SRR4012657
SAMN37107273,
SAMN37106984,
SAMN07427967,SRR5886283
SAMN04961947,SRR4012654
SAMN04962018,SRR4012809
SAMN04961937,SRR4012641
SAMN20692191,
SAMN30802445,SRR21539848
SAMN08773568,SRR6880047
SAMN15870316,
SAMN15870320,
SAMN15870319,
SAMN15870315,
SAMN15870318,
SAMN22551430,SRR17276217
SAMN22551506,SRR17276215
SAMN22551429,SRR17276216
SAMN24619910,
SAMN24619909,
SAMN24619906,
SAMN31814736,
SAMN31814740,
SAMN31814742,
SAMN31814738,
SAMN24619907,
SAMN24619908,
SAMN25270681,
SAMN25270673,
SAMN25270678,
SAMN25270675,
SAMN25270679,
SAMN25270672,
SAMN25761580,SRR17965721
SAMN26317632,SRR18175312
SAMN15941600,
SAMN15941595,
SAMN15941596,
SAMN15941598,
SAMN26664045,SRR18329062
SAMN15941597,
SAMN26664046,SRR18329060
SAMN26662412,SRR18328646
SAMN15941601,
SAMN15941602,
SAMN16419717,
SAMN16419721,
SAMN16419716,
SAMN16419723,
SAMN16419719,
SAMN29630254,
SAMN33818803,
SAMN33944461,
SAMN33715201,SRR23803334
SAMN34404588,SRR24324334
SAMD00206786,DRR261749
SAMN30839144,
SAMN30839143,
SAMN08663433,
SAMN08663434,
SAMN15870321,
SAMN15870317,
SAMN06045058,SRR5056398
SAMN06045123,SRR5056480
SAMN06045066,SRR5056441
SAMN06045069,SRR5056428
SAMN06045239,SRR5056522
SAMN06045068,SRR5056495
SAMN06045011,SRR5056608
SAMD00515066,DRR396387
SAMN06045071,SRR5056481
SAMN06045076,SRR5056337
SAMN06045193,SRR5056381
SAMN06045063,SRR5056385
SAMN06045182,SRR5056619
SAMN06044983,SRR5056458
SAMN06045028,SRR5056374
SAMN06045089,SRR5056414
SAMN31698713,
SAMN31698714,
SAMN31814739,
SAMN31814743,
SAMN31814741,
SAMN31814737,
SAMN06045107,SRR5056512
SAMN32929940,
SAMN33246676,
SAMN10914547,
SAMN10914546,
SAMN11056403,SRR9163435
SAMN11056425,SRR9172097
SAMN11056423,SRR9172018
SAMN03896006,
SAMN35713968,
SAMN13334506,SRR10859048
SAMN37187407,
SAMN07604329,
SAMN37648166,SRR26255150
SAMN30589491,
SAMN08903161,
SAMN03069713,SRR1576113
SAMN02800587,SRR1300600
SAMN32950776,
SAMN32950771,
SAMN08098100,
SAMN13191649,SRR10520184
SAMN07312412,SRR5866640
SAMN03076563,
SAMN02909989,
SAMN31136160,
SAMN36414958,SRR25476017
SAMN33677885,
SAMN33677881,
SAMN29431217,
SAMN12688790,
SAMN29431224,
SAMEA1904377,ERR294783
SAMEA2336231,ERR495207
SAMN10261265,SRR8100708 SRR9099595
SAMN29431225,
SAMN29431223,
SAMEA2336232,ERR495208
SAMEA1904401,ERR294808
SAMN08178026,
SAMN08178012,
SAMN18138611,
SAMN08177984,
SAMN08178174,
SAMN08178024,
SAMN08178170,
SAMN08178172,
SAMN26567208,
SAMN29431230,
SAMN29431227,
SAMN14504782,SRR11457805
SAMN14504574,SRR11457780
SAMN26567205,
SAMN24782759,
SAMN24782770,
SAMN26567209,
SAMN26567206,
SAMN26567207,
SAMN08177985,
SAMN08178051,
SAMN08178053,
SAMN18747132,SRR14915718
SAMN25044003,
SAMN14309717,
SAMN14504823,SRR11457604
SAMN04160804,SRR4835108
SAMN10243029,SRR16301583
SAMN02709277,SRR1206147 SRR3175425
SAMN14504600,SRR11457656
SAMN13074806,
SAMN13074756,
SAMN13074770,
SAMN13074786,
SAMN13074755,
SAMN13074771,
SAMN29431218,
SAMN04274533,
SAMN04274532,
SAMN33409181,
SAMN13074811,
SAMN13074794,
SAMN13074785,
SAMN13074762,
SAMN09373897,SRR7665547
SAMN10291586,
SAMN10279393,
SAMN10291458,
SAMN17734270,
SAMN12608379,
SAMN04849646,
SAMN08823090,SRR6919860
SAMN08822910,SRR6919709
SAMN08823084,SRR6919844
SAMN08824419,SRR6921395
SAMN08823296,SRR6920117
SAMN10498876,SRR8261878
SAMN10292850,
SAMN10290237,
SAMN10290244,
SAMN26818630,
SAMN14078794,
SAMN28104871,
SAMN29939561,SRR26255147
SAMN13509270,
SAMN31601029,
SAMN33038040,
SAMN17169750,
SAMN10319563,
SAMN10319560,
SAMN16807088,
SAMN16807070,
SAMN16807072,
SAMN16807076,
SAMN16807086,
SAMN16807080,
SAMN16807083,
SAMN16807075,
SAMN16807090,
SAMN16807067,
SAMN16807091,
SAMN16789119,
SAMN16807079,
SAMN08886740,SRR6956164
SAMN08822719,SRR6919320
SAMN08822980,SRR6919780
SAMN08824062,SRR6921325
SAMN21035574,SRR19975338
SAMN26319900,
SAMN33819937,
SAMN29939568,SRR26205262
SAMN06645218,
SAMN07334224,
SAMN07334225,
SAMN35301888,
SAMN28928351,
SAMN07663064,SRR8749565 SRR8749566
SAMN07663062,SRR8749567 SRR8749568
SAMN31880433,
SAMN16807089,
SAMN16807077,
SAMN16807073,
SAMN16807078,
SAMN16807069,
SAMN10291561,
SAMN33695196,
SAMN33695197,
SAMN33695198,
SAMN33695195,
SAMN34157280,
SAMN10352160,
SAMN35301900,
SAMN10316363,
SAMN35714885,
SAMN35714917,
SAMN34994532,
SAMN06646159,
SAMN06622672,
SAMN37071417,
SAMN37070677,
SAMN16807074,
SAMN16807082,
SAMN16807081,
SAMN16807085,
SAMN16807087,
SAMN16807071,
SAMN17315977,
SAMN17315640,
SAMN17316108,
SAMN21210682,
SAMN03371466,SRR1956781
SAMN03371465,SRR1956780
SAMN03371464,SRR1955549
SAMN07633032,
SAMN32983188,
SAMN02800603,SRR1395326
SAMN12916230,
SAMN32950802,
SAMN32950803,
SAMN07594151,
SAMN06045033,SRR5056552
SAMN04961976,SRR4012678
SAMN13191645,SRR10520188
SAMN22488162,
SAMN32950804,
SAMN05915911,
SAMN10261267,SRR8100801 SRR9099594
SAMN05915913,
SAMN05915912,
SAMN07312417,SRR5868515
SAMN09320552,
SAMN09320539,
SAMN09320573,
SAMN09320525,
SAMN09320547,
SAMN09320535,
SAMN09320574,
SAMN09630442,
SAMN03765654,
SAMN11792777,
SAMEA104109193,
SAMN09320563,
SAMN09320521,
SAMN09320527,
SAMN09320559,
SAMN09320533,
SAMN09320575,
SAMN09320565,
SAMN09320508,
SAMN09320510,
SAMN09320541,
SAMN09320506,
SAMN09320513,
SAMN09320555,
SAMN09320542,
SAMN09320540,
SAMN09320572,
SAMN09320528,
SAMN09320523,
SAMN09320545,
SAMN09320536,
SAMN09320570,
SAMN09320522,
SAMN09320568,
SAMN09320511,
SAMN09320519,
SAMN09320517,
SAMN09320514,
SAMN09320512,
SAMN09320549,
SAMN09320546,
SAMN09320530,
SAMN09320515,
SAMN09320553,
SAMN09320532,
SAMN09320518,
SAMN09320507,
SAMN20695325,
SAMN09320577,
SAMEA1964467,ERR352915 ERR357456
SAMN13219579,SRR10425150
SAMN32935253,SRR23648691
SAMN32935256,SRR23648687
SAMN33346707,SRR23648689
SAMN33346708,SRR23648685
SAMN33313061,SRR23759812
SAMN33313052,SRR23759803
SAMN33313067,SRR23759806
SAMN33313064,SRR23759809
SAMEA2145578,ERR352386 ERR352300
SAMN33313068,SRR23759805
SAMEA14291301,ERR9671702 ERR9671712 ERR9668959 ERR9671707
SAMEA14291300,ERR9668958 ERR9671701 ERR9671706 ERR9671711
SAMN22446303,
SAMN22446304,
SAMEA2158835,ERR352500 ERR352586
SAMEA14291303,ERR9668961 ERR9671704 ERR9671709 ERR9671714
SAMEA14291307,ERR9668962 ERR9671705 ERR9671710 ERR9671715
SAMEA14291302,ERR9671703 ERR9671713 ERR9668960 ERR9671708
SAMN32935257,SRR23648686
SAMN32935254,SRR23648690
SAMN32935255,SRR23648688
SAMEA3109638,
SAMEA2467787,
SAMEA2072647,ERR343282 ERR343377
SAMEA2564027,
SAMEA2058419,ERR319432
SAMEA2564024,
SAMN07507058,
SAMN09320534,
SAMN09320556,
SAMN09320567,
SAMEA2564026,
SAMN33313070,SRR23759802
SAMN33313071,SRR23759801
SAMN33313050,SRR23759820
SAMN09320561,
SAMN09320538,
SAMN09320558,
SAMN09320554,
SAMN09320551,
SAMN09320537,
SAMN09320564,
SAMN09320516,
SAMN09320543,
SAMN09320531,
SAMN09320578,
SAMN09320566,
SAMN09208111,
SAMN09320526,
SAMN09320557,
SAMN09320548,
SAMN09320571,
SAMN09320520,
SAMN09320509,
SAMN09320560,
SAMN09320544,
SAMN09320529,
SAMN09320576,
SAMN09320569,
SAMN09320562,
SAMN09320550,
SAMN10638888,SRR8365074
SAMN02692256,
SAMN02798502,
SAMN15796617,SRR12444889
SAMN03795193,
SAMN03839051,
SAMN03798428,
SAMN04296382,
SAMEA3506109,
SAMN04600271,
SAMN05356919,
SAMN16707726,
SAMN04125698,
SAMEA104087369,
SAMN14504767,SRR11457442
SAMN14504768,SRR11457441
SAMN07267217,
SAMN06161238,
SAMN06173330,SRR5417093
SAMN04014872,SRR3112281
SAMN06173333,SRR5409211
SAMN06660623,
SAMN08125531,SRR6347362 SRR6347363 SRR6347364 SRR6347365 SRR6347366 SRR6347367 SRR6347368 SRR6347369 SRR6347370 SRR6347371
SAMN06173334,SRR5417096
SAMN09245760,
SAMEA8520468,
SAMN10076455,
SAMN10485463,
SAMN05717005,SRR4105098
SAMN11333145,
SAMN11333158,
SAMN08944422,
SAMN11333169,
SAMN11787765,SRR10252873 SRR10252874 SRR10252875 SRR10252876 SRR10253116 SRR10253117 SRR10253118 SRR10253119 SRR10253120 SRR10253121 SRR10253122 SRR10253123 SRR10253124 SRR10253125 SRR10253126 SRR10253127 SRR10253129 SRR10253238 SRR10491665 SRR10491666 SRR10491667 SRR10491668 SRR10491669 SRR10491670 SRR10491671 SRR10491672 SRR10491674 SRR10491675 SRR10491676 SRR10492031 SRR10492032 SRR10492033 SRR10492034 SRR10492035 SRR10492036 SRR10492047 SRR10492056 SRR10492057 SRR10492058 SRR10492059 SRR10492060 SRR10492061 SRR10492062 SRR10492063 SRR10492064 SRR10492065 SRR10492066 SRR10492067 SRR10492068 SRR10492069 SRR10492070 SRR10836543 SRR10836557 SRR10836558 SRR10836646 SRR10836647 SRR10836648 SRR10836649 SRR10836650 SRR10836651 SRR10252845 SRR10252859 SRR10252860 SRR10252862 SRR10252863 SRR10252864 SRR10252865 SRR10252866 SRR10252867 SRR10252868 SRR10252869 SRR10252870 SRR10252871 SRR10252872
SAMN23296620,
SAMN11786967,SRR10253182 SRR10253233 SRR10253234 SRR10253235 SRR10253236 SRR10253237 SRR10253239 SRR10253240 SRR10253241 SRR10253242 SRR10253243 SRR10253244 SRR10253245 SRR10253246 SRR10253247 SRR10491636 SRR10492037 SRR10492038 SRR10492039 SRR10492040 SRR10492041 SRR10492042 SRR10492043 SRR10492044 SRR10492045 SRR10492046 SRR10492048 SRR10492049 SRR10492050 SRR10492051 SRR10492073 SRR10492074 SRR10492075 SRR10492076 SRR10492077 SRR10492078 SRR10492079 SRR10492081 SRR10492085 SRR10492086 SRR10492087 SRR10492088 SRR10492089 SRR10492090 SRR10492091 SRR10492092 SRR10492093 SRR10748676 SRR10748742 SRR10748823 SRR10748825 SRR10748826 SRR10836547 SRR10836641 SRR10836642 SRR10836643 SRR10836644 SRR10836645 SRR10836655 SRR10836656 SRR10253128 SRR10253180 SRR10253181 SRR10253183 SRR10253184 SRR10253185 SRR10253186 SRR10253187 SRR10253226 SRR10253227 SRR10253228 SRR10253229 SRR10253230 SRR10253231 SRR10253232
SAMN11787766,SRR10252193 SRR10252201 SRR10252202 SRR10252203 SRR10252204 SRR10252206 SRR10252207 SRR10252208 SRR10252209 SRR10252210 SRR10252211 SRR10252212 SRR10252213 SRR10252311 SRR10252313 SRR10491616 SRR10491617 SRR10491618 SRR10491619 SRR10491620 SRR10491621 SRR10491622 SRR10491623 SRR10491624 SRR10491625 SRR10491626 SRR10491627 SRR10491628 SRR10491629 SRR10491630 SRR10491631 SRR10491632 SRR10491633 SRR10491634 SRR10491635 SRR10491658 SRR10491659 SRR10491660 SRR10491661 SRR10491662 SRR10491663 SRR10491664 SRR10491673 SRR10491681 SRR10491682 SRR10491683 SRR10491684 SRR10491685 SRR10836544 SRR10836545 SRR10836546 SRR10836554 SRR10836555 SRR10836556 SRR10836638 SRR10836639 SRR10836640 SRR10836652 SRR10836653 SRR10836654 SRR10252183 SRR10252184 SRR10252185 SRR10252186 SRR10252187 SRR10252188 SRR10252189 SRR10252190 SRR10252191 SRR10252192 SRR10252194 SRR10252195 SRR10252196 SRR10252197 SRR10252198 SRR10252199 SRR10252200
SAMN09759455,
SAMN09759456,
SAMN09759458,
SAMN09759462,
SAMN11665396,
SAMN11787767,SRR10117790 SRR10117791 SRR10117792 SRR10117793 SRR10117794 SRR10117795 SRR10117796 SRR10117797 SRR10117798 SRR10117799 SRR10117800 SRR10117801 SRR10117802 SRR10117803 SRR10117804 SRR10117805 SRR10117806 SRR10117807 SRR10117808 SRR10117809 SRR10117810 SRR10117811 SRR10117812 SRR10117813 SRR10117814 SRR10117815 SRR10117816 SRR10117817 SRR10252310 SRR10252312 SRR10252314 SRR10252315 SRR10252316 SRR10252317 SRR10252318 SRR10252319 SRR10252797 SRR10252798 SRR10252799 SRR10252800 SRR10252801 SRR10252802 SRR10252803 SRR10252804 SRR10252805 SRR10252806 SRR10252807 SRR10252808 SRR10252809 SRR10252844 SRR10252850 SRR10252851 SRR10252852 SRR10252853 SRR10252854 SRR10252855 SRR10252856 SRR10252857 SRR10252858 SRR10252861 SRR9325775 SRR10117818 SRR10117819 SRR10117820 SRR10117821 SRR10117822 SRR10117823 SRR10117824 SRR10117825 SRR10117826 SRR10117827 SRR10117828 SRR10117829 SRR10117830 SRR10117831 SRR10117832
SAMN09759467,
SAMN09759463,
SAMN09759468,
SAMN09759454,
SAMN14450166,SRR11425863
SAMN14450161,SRR11425874
SAMN14450162,SRR11425872
SAMN14450167,SRR11425861
SAMN10537407,
SAMN17319566,
SAMN09302771,
SAMN09943633,SRR7549712 SRR8509634 SRR8509750 SRR8547928 SRR8548164 SRR8548167 SRR8548171 SRR8548177 SRR8548435 SRR8548447 SRR8548502 SRR8548556 SRR8548658 SRR8548661 SRR8548664 SRR8548667 SRR8548671 SRR8548676 SRR8548683 SRR8548696 SRR8549091 SRR10253744 SRR10253747 SRR10253763 SRR10253764 SRR10253765 SRR10253766 SRR10253767 SRR10253768 SRR10253769 SRR10253770 SRR10253771 SRR10253772 SRR10253896 SRR10253897 SRR10253898 SRR10253899 SRR10253900 SRR10253901 SRR10253902 SRR10253903 SRR10253904 SRR10253913 SRR10254161 SRR10254162 SRR10254164 SRR10254168 SRR10254170 SRR10254171 SRR10254203 SRR10254205 SRR10254215 SRR10254247 SRR10254274 SRR10254279 SRR10254281 SRR10254285 SRR10254293 SRR10254294 SRR10749096 SRR7777131 SRR8508119 SRR8508358 SRR8508483 SRR8508679 SRR8508944 SRR8509032 SRR8509048 SRR8509054 SRR8509077 SRR8509135 SRR8509143 SRR8509144 SRR8509147 SRR8509194 SRR8509239 SRR8509240 SRR8509407 SRR8509603 SRR8509612 SRR8509616
SAMN09378347,
SAMN16987173,SRR13189194
SAMN15862390,
SAMN21365156,SRR15827378
SAMN27531299,SRR18725124
SAMN21365150,SRR15827385
SAMN29247809,
SAMN15962528,
SAMN08775946,SRR8360316
SAMEA5976334,
SAMN14504562,SRR11457419
SAMEA5976334,
SAMN31055796,
SAMN16551963,
SAMN10076457,
SAMN14450168,SRR11425859
SAMN14088120,SRR11252613
SAMN14088117,SRR11252622
SAMEA8520469,
SAMEA8520470,
SAMN14987684,
SAMN05949357,
SAMN14309715,
SAMEA7292288,
SAMN22488165,
SAMN22446292,
SAMN22446291,
SAMN22446302,
SAMN15950485,
SAMN16450741,SRR12831475
SAMN15950487,
SAMN15950489,
SAMN15950488,
SAMN14111682,
SAMN09759461,
SAMN09759457,
SAMN09759459,
SAMN09759452,
SAMN15962523,
SAMN15962524,
SAMN15962525,
SAMN15950486,
SAMN14504703,SRR11457545
SAMN14504713,SRR11457754
SAMN15962526,
SAMN12726102,
SAMN14111684,
SAMN14111683,
SAMN28818465,
SAMN28951059,
SAMN18898401,
SAMN18899574,
SAMN18898463,
SAMN18899572,
SAMN21365146,SRR15827389
SAMN30847003,SRR21564523
SAMN30847004,SRR21564522
SAMD00097514,DRR107066
SAMN22814778,
SAMN09759453,
SAMN09759460,
SAMN09759464,
SAMN03653812,
SAMN08663444,
SAMN25290048,
SAMN03795199,
SAMN23378275,
SAMN28614156,
SAMN32977646,SRR23290092
SAMN05832872,
SAMN32950772,
SAMN32950800,
SAMN32950793,
SAMN32950790,
SAMN32950773,
SAMN06185755,
SAMN21365152,SRR15827382
SAMN30225128,
SAMEA3448233,
SAMN08135025,SRR6359146
SAMN31056807,
SAMN08277293,
SAMN10716141,
SAMN08848603,SRR6929522
SAMN25290051,
SAMN34043128,
SAMN02943517,
SAMN03568791,
SAMN10076456,
SAMN13191648,SRR10520185
SAMN13191647,SRR10520186
SAMN13191646,SRR10520187
SAMN12340931,
SAMN14450165,SRR11425865
SAMN09245756,
SAMN09245755,
SAMN09245758,
SAMN07945789,SRR13854555
SAMN03988299,SRR2407619
SAMN08868707,SRR6952634
SAMN08868685,SRR6952646 SRR19053368 SRR19053369 SRR19053370
SAMN09791862,
SAMN03894186,SRR2566988
SAMN07163940,SRR5627240
SAMN09791864,
SAMN32950798,
SAMN32950792,
SAMN32950788,
SAMN32950795,
SAMN32950801,
SAMN32950799,
SAMN32950791,
SAMN32950797,
SAMN32950794,
SAMN32950785,
SAMN09791878,
SAMN08868674,SRR6952655 SRR19053360 SRR19053371 SRR19053372
SAMN02604315,
SAMN09943626,SRR7549680 SRR8548624 SRR8548625 SRR8548627 SRR8548629 SRR8548631 SRR8548634 SRR8548640 SRR8548642 SRR8548644 SRR8548647 SRR8548649 SRR8548653 SRR8548659 SRR8548677 SRR8548700 SRR8548701 SRR10254570 SRR10254571 SRR10254572 SRR10254734 SRR10254735 SRR10254738 SRR10254740 SRR10254741 SRR10254742 SRR10254743 SRR10254744 SRR10254745 SRR10254746 SRR10254747 SRR10254748 SRR10254749 SRR10254750 SRR10254751 SRR10254752 SRR10254753 SRR10254754 SRR10254755 SRR10254756 SRR10254757 SRR10254758 SRR10254760 SRR10254761 SRR10254762 SRR10254774 SRR10254779 SRR10254780 SRR10254781 SRR10254782 SRR10254783 SRR10254784 SRR10254785 SRR10254786 SRR10254787 SRR10254791 SRR10254796 SRR10749099 SRR10749100 SRR10908915 SRR7776838 SRR8508333 SRR8508563 SRR8508657 SRR8508984 SRR8509069 SRR8509123 SRR8509126 SRR8509146 SRR8509149 SRR8509155 SRR8509161 SRR8509182 SRR8509236 SRR8509607 SRR8509609 SRR8509614 SRR8509617 SRR8509631 SRR8509700 SRR8509701 SRR8548173 SRR8548174 SRR8548437 SRR8548501 SRR8548554 SRR8548609 SRR8548610 SRR8548614 SRR8548616 SRR8548617 SRR8548618 SRR8548621
SAMN11355843,
SAMN11877931,SRR9140736
SAMN11355835,
SAMN14504894,SRR11457431
SAMN14504718,SRR11457748
SAMN32950784,
SAMN32950783,
SAMN32950786,
SAMN32950782,
SAMN32950789,
SAMN32950805,
SAMN03744300,
SAMN11877932,SRR9140734
SAMN05172401,SRR5353139
SAMN05172400,SRR7213670
SAMN05172402,
SAMN10485462,
SAMN04451264,SRR3168966
SAMN10176436,
SAMN02678532,SRR5384655
SAMN29431221,
SAMN05181544,SRR3707433
SAMN09237646,SRR7208781
SAMN02741042,
SAMN14504742,SRR11457470
SAMN02261218,SRR965704
SAMN07795414,
SAMN08125530,SRR6347528 SRR6347529 SRR6347530 SRR6347531 SRR6347532 SRR6347533 SRR6347534 SRR6347535 SRR6347536 SRR6347537
SAMN08125528,SRR6347495 SRR6347496 SRR6347497 SRR6347498 SRR6347499 SRR6347500 SRR6347501 SRR6347502 SRR6347503 SRR6347504
SAMN10272908,SRR16301620
SAMN25597006,SRR17858528
SAMN06030204,SRR5055233
SAMN14504724,SRR11457740
SAMN06173326,SRR5417083
SAMN09237640,SRR7208784
SAMN08150418,
SAMN09237639,SRR7208783
SAMN15637410,
SAMN29431228,
SAMN14504919,
SAMN20990803,SRR15699956
SAMN15637151,
SAMN33062111,
SAMN33062119,
SAMN33061817,
SAMN06044997,SRR5056404
SAMN09873985,
SAMN02904629,SRR3226960 SRR3226961
SAMN02712059,
SAMN02937351,SRR1533457
SAMN02941165,
SAMN02941167,
SAMN02941166,
SAMN02937350,SRR1533456
SAMN02937347,SRR1533150
SAMN02937352,
SAMN02941164,
SAMN02941163,
SAMN02937348,SRR1533454
SAMN02937349,SRR1533455
SAMN03468068,
SAMN16552336,SRR12953602
SAMN03328998,
SAMN06050726,
SAMN06050736,
SAMN06050728,
SAMN06050732,
SAMN06050731,
SAMN06050737,
SAMN06050725,
SAMN06050738,
SAMN06050729,
SAMN06050733,
SAMN06050727,
SAMN08125525,SRR6347372 SRR6347373 SRR6347374 SRR6347375 SRR6347376 SRR6347377 SRR6347378 SRR6347379 SRR6347380 SRR6347381
SAMN08125532,SRR6347392 SRR6347393 SRR6347394 SRR6347395 SRR6347396 SRR6347397 SRR6347398 SRR6347399 SRR6347400 SRR6347401
SAMN10243028,
SAMN13191643,SRR10520169
SAMN05414469,SRR5065197
SAMN05180023,SRR11970856
SAMN05414408,SRR5063216
SAMN22446290,
SAMN09943628,SRR7549681 SRR8547921 SRR8547922 SRR8547923 SRR8547924 SRR8547926 SRR8547927 SRR8548660 SRR8548666 SRR8548684 SRR8548688 SRR8548689 SRR8548692 SRR8548693 SRR8548706 SRR8548711 SRR8548716 SRR8548732 SRR10254759 SRR10254763 SRR10254764 SRR10254765 SRR10254766 SRR10254767 SRR10254768 SRR10254769 SRR10254770 SRR10254771 SRR10254772 SRR10254773 SRR10254775 SRR10254776 SRR10254777 SRR10254778 SRR10254788 SRR10254789 SRR10254790 SRR10254792 SRR10254793 SRR10254794 SRR10254795 SRR10254797 SRR10254798 SRR10254799 SRR10254800 SRR10254801 SRR10254802 SRR10254803 SRR10254804 SRR10254805 SRR10254806 SRR10254807 SRR10254808 SRR10254809 SRR10254810 SRR10254813 SRR10254819 SRR10254821 SRR10749098 SRR10908916 SRR7776839 SRR8508165 SRR8508938 SRR8508943 SRR8509027 SRR8509044 SRR8509134 SRR8509140 SRR8509141 SRR8509162 SRR8509187 SRR8509404 SRR8509423 SRR8509490 SRR8509604 SRR8509608 SRR8509632 SRR8509698 SRR8547528 SRR8547529 SRR8547530 SRR8547531 SRR8547532 SRR8547533 SRR8547649 SRR8547650 SRR8547651 SRR8547652 SRR8547918 SRR8547919 SRR8547920
SAMN09943619,SRR7549679 SRR8509699 SRR8545733 SRR8545734 SRR8545735 SRR8545737 SRR8545739 SRR8545740 SRR8546830 SRR8546839 SRR8546842 SRR8546969 SRR8546983 SRR8546984 SRR8546985 SRR8546986 SRR8547399 SRR8547400 SRR8547401 SRR8547512 SRR8547516 SRR8547518 SRR10253248 SRR10253252 SRR10253253 SRR10253255 SRR10253256 SRR10253257 SRR10253258 SRR10253486 SRR10253487 SRR10253488 SRR10253492 SRR10253493 SRR10253495 SRR10253496 SRR10253497 SRR10253498 SRR10253499 SRR10253500 SRR10253521 SRR10253523 SRR10253524 SRR10253525 SRR10253527 SRR10253530 SRR10253533 SRR10253535 SRR10253743 SRR10253745 SRR10253746 SRR10253748 SRR10253749 SRR10253750 SRR10254182 SRR10254187 SRR10254188 SRR10254190 SRR10254197 SRR10749097 SRR7776837 SRR8508345 SRR8508354 SRR8508356 SRR8508357 SRR8508681 SRR8508981 SRR8509037 SRR8509039 SRR8509040 SRR8509066 SRR8509165 SRR8509188 SRR8509235 SRR8509255 SRR8509406 SRR8509606 SRR8509610 SRR8509613 SRR8509630
SAMN14450171,SRR11425852
SAMN14450172,SRR11425850
SAMN14450170,SRR11425854
SAMN11979404,
SAMN12634962,
SAMN29431220,
SAMN12340930,
SAMN14450169,SRR11425857
SAMN14450174,SRR11425846
SAMN21891814,
SAMN22446310,
SAMN22446309,
SAMN22446319,
SAMN22446294,
SAMN22446317,
SAMN22446298,
SAMN22446296,
SAMN22446315,
SAMN22446306,
SAMN22446316,
SAMN16552335,SRR12953600
SAMN16552338,SRR12953598
SAMN16552337,SRR12953596
SAMN16450742,SRR12831474
SAMN29340051,
SAMN29431229,
SAMN05414461,SRR5065192
SAMN22446313,
SAMN22446293,
SAMN22446314,
SAMN22446288,
SAMN22446311,
SAMN22446289,
SAMN22446295,
SAMN22446312,
SAMN22446318,
SAMN22446287,
SAMN22446308,
SAMN22446307,
SAMN22446297,
SAMN22446305,
SAMN03140319,
SAMN05363482,
SAMN03702837,SRR2075005
SAMN03702839,SRR2074998
SAMN05414452,SRR5064816
SAMN26754305,
SAMN35169325,
SAMN06050734,
SAMN33677889,
SAMN06311389,
SAMN08768800,
SAMN31231980,
SAMN07580859,
SAMN10250222,
SAMN37104682,SRR25728414
SAMN37159800,
SAMN37160125,
SAMN11979403,
SAMN33677888,
SAMN34598608,SRR26991188
SAMN33677890,
SAMN03465493,
SAMN03837761,
SAMN13191644,SRR10520168
SAMN37156895,
SAMN37155315,
SAMN37156982,
SAMN37156981,
SAMN06050735,
SAMN06050730,
SAMN04924825,
SAMN04924824,
SAMN14450173,SRR11425848
SAMN09534371,
SAMN36745158,
SAMN36745171,
SAMN14504941,SRR11457694
SAMN12648952,
SAMN08848595,SRR6929535
SAMN12648953,
SAMN06044996,SRR5056462
SAMN10176435,
SAMN10243030,
SAMN32741785,SRR24283714
SAMN36745161,
SAMN32989812,SRR24283718
SAMN33218593,SRR24283716
SAMN29431219,
SAMN29857753,
SAMN33218604,
SAMN33218603,
SAMN23451934,
SAMN23451933,
SAMN23451927,
SAMN23451931,
SAMN23451930,
SAMN23451928,
SAMN25644122,SRR17881043
SAMN29723019,
SAMN12688791,
SAMN14504824,SRR11457601
SAMN19842584,
SAMN02699274,SRR3665309
SAMN23451925,
SAMN23451924,
SAMN23451923,
SAMN23451932,
SAMN25644119,SRR17881044
SAMN25644148,SRR17881048
SAMN25644136,SRR17881045
SAMN25644135,SRR17881049
SAMN25644121,SRR17881042
SAMN29723020,
SAMN30275502,
SAMN30275503,
SAMN30275504,
SAMN08322104,
SAMN12688792,
SAMN30448801,
SAMN02604095,
SAMEA5577693,ERR3293657
SAMEA5577690,ERR3293654
SAMN10425333,SRR8189551
SAMN10425280,SRR8189354
SAMN10425354,SRR8189405
SAMN16987172,SRR13189195
SAMN16987445,SRR13189311
SAMN15903639,SRR12560291
SAMN15944976,SRR12549528
SAMN15944967,SRR12549527
SAMN08848549,SRR6929558
SAMEA3138382,
SAMEA1705914,
SAMN16282620,
SAMN35175716,
SAMEA3468845,
SAMN11353131,
SAMN11546982,SRR8994053
SAMN11546980,SRR8994055
SAMN24108481,SRR17244693
SAMN24108485,SRR17244689
SAMN11546981,SRR8994054
SAMN24108483,SRR17244691
SAMN11546974,SRR8994061
SAMN11129919,SRR8736625
SAMN33329050,
SAMN07163933,SRR5627247
SAMN14450150,SRR11425889
SAMN14450151,SRR11425867
SAMN14450154,SRR11425841
SAMN14450153,SRR11425843
SAMN14450157,SRR11425883
SAMN14450160,SRR11425876
SAMN14450156,SRR11425885
SAMN14450159,SRR11425879
SAMN27647540,
SAMN12287751,
SAMN11979401,
SAMN11979402,
SAMN28950535,
SAMN28950567,
SAMN15962527,
SAMN14450155,SRR11425887
SAMN33942062,
SAMN23799606,
SAMN25873476,
SAMN30306456,
SAMN07344413,
SAMN08724823,
SAMN14450158,SRR11425881
SAMN14450152,SRR11425845
SAMN02604316,
SAMN02603109,
SAMN02910521,
SAMN06045126,SRR5056571
SAMN20892915,
SAMN13031563,
SAMN13031564,
SAMN22446299,
SAMN22446301,
SAMN14504815,SRR11457612
SAMN35361200,
SAMN35361206,
SAMN35361204,
SAMN35361195,
SAMN35361192,
SAMN35361203,
SAMN35361198,
SAMN22446300,
SAMN35361197,
SAMN35361196,
SAMN35361205,
SAMN35361201,
SAMN35361194,
SAMN11030399,SRR22858477
SAMN37156894,
SAMN21166609,
SAMN12657726,
SAMEA112702326,
SAMN37128092,
SAMN37147803,
SAMN02604062,
SAMN02604064,
SAMN02604065,
SAMN10953952,SRR11194316
SAMN10953955,SRR11194319
SAMN10953953,SRR11194318
SAMD00097512,DRR107061
SAMD00097500,DRR107043 DRR107044
SAMN08386835,SRR8523082
SAMD00234603,DRR236424
SAMD00097501,DRR107047 DRR107048 DRR107045 DRR107046
SAMD00234670,DRR236491
SAMD00234630,DRR236451
SAMD00097506,DRR107054
SAMD00234616,DRR236437
SAMD00234645,DRR236466
SAMD00234738,DRR236559
SAMD00097511,DRR107060
SAMD00234679,DRR236500
SAMD00234655,DRR236476
SAMD00234684,DRR236505
SAMD00234746,DRR236567
SAMD00234580,DRR236401
SAMN32950787,
SAMN04088947,SRR2421550 SRR9119444
SAMN10953956,SRR11194317
SAMN10953954,SRR11194320
SAMN10953951,SRR11194321
SAMN02604068,
SAMN02604067,
SAMN02603245,
SAMN07163931,SRR5627237
SAMN05589873,SRR4039379
SAMN14504595,SRR11457757
SAMN14504525,SRR11457821
SAMN14504909,SRR11457414
SAMN14504594,SRR11457758
SAMN32950774,
SAMN32950781,
SAMN32950778,
SAMN32950780,
SAMN32950775,
SAMN32950777,
SAMN32950779,
SAMN02603210,
SAMEA1705941,
SAMEA1705927,
SAMEA1705953,
SAMEA2272777,
SAMEA2272227,
SAMN02604137,SRR10802358 SRR10802359 SRR10802360 SRR10802361 SRR10802362 SRR10802363 SRR10802364 SRR10802365 SRR10802366 SRR10802367 SRR10802368 SRR10802369 SRR10843514 SRR10843515 SRR10843516 SRR10843517 SRR10843518 SRR10843519 SRR10843520 SRR10843521 SRR10843522 SRR10843523 SRR10843524 SRR10843525 SRR10843526 SRR10843527 SRR10843528 SRR10843529 SRR10843530 SRR10843531 SRR10843532 SRR10843533 SRR10843534 SRR10843535 SRR10843536 SRR10843537
SAMN12086474,
SAMN12086477,
SAMN12086475,
SAMN12086476,
SAMN07163935,SRR5627235
SAMN12648956,
SAMN00811241,
SAMN01041081,
SAMN01041085,SRR2544673
SAMN01805318,SRR5598937
SAMN00710627,
SAMN01816110,
SAMN00754299,
SAMN01813481,
SAMN01765628,
SAMN01805325,
SAMN01765627,
SAMN01813482,
SAMN01816117,
SAMN01816118,
SAMN00710608,SRR500741 SRR2532855 SRR2533567 SRR2544675 SRR6365760
SAMN02212496,SRR1029664
SAMN02297856,SRR942709
SAMN01041170,
SAMN02602988,
SAMN07795410,
SAMN04961978,SRR4012681
SAMN01041143,
SAMN05172397,
SAMN05172398,SRR12171188
SAMN04160803,SRR4835072
SAMN01823736,SRR2533537 SRR2544672
SAMN01805326,
SAMN01823712,
SAMN01823732,
SAMN01823716,
SAMN00754430,
SAMN01823726,
SAMN01823711,
SAMN01813417,
SAMN01823720,
SAMN02602986,
SAMN01805331,SRR5341910
SAMN02415193,SRR11970860
SAMN08768763,
SAMN01813424,
SAMN02604223,
SAMN02603951,
SAMN01823705,
SAMN01805317,
SAMN01823751,SRR958012
SAMN01087969,SRR5498135
SAMN02604282,
SAMN02415169,
SAMN09791879,
SAMN02415150,
SAMN01088008,SRR9043693
SAMN01088008,SRR9043693
SAMN01823721,
SAMN01805332,SRR5819474
SAMN01813420,
SAMN01805327,
SAMN01805328,
SAMN04160827,SRR4835091
SAMN02603101,
SAMN14150057,SRR11128506 SRR12481134 SRR12481135
SAMN02603149,
SAMN32423452,SRR22904678
SAMN11445819,
SAMN11445820,
SAMN05181543,SRR3675193
SAMN14504796,SRR11457789
SAMN01823701,SRR498276 SRR2544674 SRR9043663
SAMN04364135,SRR3049886
SAMN01823701,SRR498276 SRR2544674 SRR9043663
SAMN00862340,SRR500493 SRR5972859
SAMN00860590,SRR498369 SRR4242796 SRR5972871
SAMN00989085,SRR498373 SRR4242797 SRR5972875
SAMN00862341,SRR500494 SRR5972873
SAMN04961990,SRR4012690
SAMN01823708,SRR955195
SAMN02568587,SRR3173804
SAMN00991042,SRR498397 SRR4121020 SRR4202534 SRR5970548 SRR9043683
SAMN00991042,SRR498397 SRR4121020 SRR4202534 SRR5970548 SRR9043683
SAMN00991044,SRR498399 SRR4242798 SRR5972867 SRR9042862
SAMN00991044,SRR498399 SRR4242798 SRR5972867 SRR9042862
SAMN00991046,SRR498402 SRR4242799 SRR5972865
SAMN00991047,SRR498403 SRR4121060 SRR4202535 SRR5972872 SRR9042861
SAMN00991047,SRR498403 SRR4121060 SRR4202535 SRR5972872 SRR9042861
SAMN00991048,SRR498404 SRR4242800 SRR5970539
SAMN01942233,SRR498422 SRR4121208 SRR4202536 SRR5972837
SAMN01942313,SRR498423 SRR4121267 SRR4202537 SRR5972870
SAMN01942244,SRR498425 SRR4243003 SRR5972863
SAMN01942300,SRR498431 SRR4121328 SRR4202538 SRR5972874
SAMN01942254,SRR498433 SRR4243004 SRR5972868
SAMN01942253,SRR498434 SRR4121407 SRR4202539 SRR5970551
SAMN01942246,SRR498436 SRR4122800 SRR4202540 SRR5972866
SAMN01942268,SRR498442 SRR4123060 SRR4202541 SRR5972860
SAMN01942296,SRR498444 SRR4123219 SRR4202542 SRR5972838
SAMN09237644,SRR7208788
SAMN01813431,SRR955256
SAMN01823707,SRR955194
SAMN01813419,
SAMN01816351,SRR1258443 SRR5972839
SAMN01816352,SRR1258440 SRR4243005 SRR5972862
SAMN01816358,SRR1258439 SRR5970547
SAMN01816359,SRR1258442 SRR5972869
SAMN01884234,SRR647074
SAMN04160822,SRR4835058
SAMN04160814,SRR4835071
SAMN04160831,SRR4835107
SAMN04160810,SRR4835105
SAMN04160805,SRR4835057
SAMN04160812,SRR4835068
SAMN04160823,SRR4835059
SAMN03470707,SRR2125160
SAMN04160821,SRR4835056
SAMN03470763,SRR2125442
SAMN04160811,
SAMN04160815,SRR4835055
SAMN03485833,SRR1976227
SAMN04160824,SRR4835100
SAMN04160800,SRR4835099
SAMN04160825,SRR4835102
SAMN04160817,SRR4835101
SAMN03485849,SRR2125445
SAMN04160826,SRR4835096
SAMN04160808,SRR4835098
SAMN04160801,SRR4835097
SAMN04160828,SRR4835104
SAMN04160802,SRR4835119
SAMN04160829,SRR4835109
SAMN04160813,SRR4835103
SAMN04160830,SRR4835122
SAMN04160806,SRR4835110
SAMN02384160,SRR1183736
SAMN02384171,SRR1183747
SAMN02384161,SRR1183737
SAMN02384162,SRR1183738
SAMN02384163,SRR1183739
SAMN02384164,SRR1183740
SAMN02384166,SRR1183742
SAMN02384167,SRR1183743
SAMN02384168,SRR1183744
SAMN02384176,SRR1183752
SAMN02384177,SRR1183753
SAMN01832085,SRR1029665
SAMN01832087,
SAMN01832088,
SAMN01832089,SRR1029666
SAMN01933202,
SAMN01938963,SRR5534406
SAMN02352684,SRR975391
SAMN02641385,
SAMN02383555,
SAMN02384169,SRR1183745
SAMN02384172,SRR1183748
SAMN02384173,SRR1183749
SAMN02384174,SRR1183750
SAMN02384178,SRR1183754
SAMN02384187,SRR1183763
SAMN02384189,SRR1183765
SAMN02384191,SRR1183767
SAMN02384193,SRR1183769
SAMN02384194,SRR1183770
SAMN02384195,SRR1183771
SAMN02384206,SRR1183782
SAMN02384207,SRR1183783
SAMN02384208,SRR1183784
SAMN02384209,SRR1183785
SAMN02384212,SRR1183788
SAMN02384220,SRR1183796
SAMN02384250,SRR1183826
SAMN02384313,SRR1183889
SAMN02384315,SRR1183891
SAMN02384316,SRR1183892
SAMN02384317,SRR1183893
SAMN02384318,SRR1183894
SAMN02384321,SRR1183897
SAMN02716860,
SAMN02716850,
SAMN02716852,
SAMN02716853,
SAMN02716848,
SAMN02716849,
SAMN02716851,
SAMN02712199,
SAMN02712195,
SAMN02716855,
SAMN02716856,
SAMN02716858,
SAMN02716873,
SAMN02716872,
SAMN02716882,
SAMN02716883,
SAMN02712197,
SAMN02716875,
SAMN02716891,
SAMN02716884,
SAMN02716885,
SAMN02716886,
SAMN02716887,
SAMN02716888,
SAMN02716889,
SAMN02716890,
SAMN02716906,
SAMN02716893,
SAMN02716894,
SAMN02716895,
SAMN02716896,
SAMN02712196,
SAMN02716897,
SAMN02716898,
SAMN02716901,
SAMN02716903,
SAMN02716905,
SAMN02716861,
SAMN02716867,
SAMN02716869,
SAMN02716871,
SAMN02712198,
SAMN02716865,
SAMN02716879,
SAMN02712200,
SAMN02716880,
SAMN02716877,
SAMN02716878,
SAMN02716863,
SAMN08737533,
SAMN06173325,SRR5417085
SAMN08274661,SRR6428559
SAMN04160816,SRR4835120
SAMN04992706,SRR3579416
SAMN13191642,SRR10520172
SAMN19173648,
SAMN12648951,
SAMN14271042,
SAMEA4017717,
SAMN10176433,
SAMN10176521,
SAMN10441277,
SAMN15099378,SRR11962545
SAMN10638893,SRR8365131
SAMN10638926,SRR8365116
SAMN08848556,SRR6929548
SAMEA4017719,
SAMN13741975,
SAMN14178317,
SAMN23378276,
SAMN09237641,SRR7208785
SAMN09237642,SRR7208786
SAMN06030095,SRR5054237
SAMN06030081,SRR5053587
SAMN11333149,
SAMN11333166,
SAMN11333144,
SAMN11333143,
SAMN11333140,
SAMN11333162,
SAMN11333167,
SAMN11333147,
SAMN11333157,
SAMN10833328,SRR8496452
SAMN11333164,
SAMN11333141,
SAMN11333142,
SAMN11333146,
SAMN11333160,
SAMN11333165,
SAMN11333155,
SAMN11333152,
SAMN11333154,
SAMN11333163,
SAMN11333170,
SAMN11333156,
SAMN10833327,SRR8496450
SAMN11333159,
SAMN11333153,
SAMN11333171,
SAMN32643659,
SAMN11333161,
SAMN11333150,
SAMN10833329,SRR8496451
SAMN14504730,SRR11457734
SAMN32643670,
SAMN16709262,SRR13013442
SAMN16709263,SRR13013431
SAMN26674805,SRR18503846
