Assembly	SRR4301501	SRR3195839	SRR6929606	SRR9994125	SRR6929627	SRR14419381	SRR6929614	SRR6929638	DRR381740	SRR4301571	SRR15415578	SRR6929610	SRR15415624	SRR7439153	SRR6929631	SRR3195840	SRR6929609	SRR15277999	SRR4301577	SRR6929618	SRR4301505	SRR4301494	SRR13160359	SRR15415547	SRR6118141	SRR6929601	SRR15376149	SRR15376141	SRR3205757	SRR15415573	SRR15376146	SRR6118142	SRR6929634	SRR15376145	SRR15277995	SRR6929619	SRR4301497	SRR4301521	SRR15376142	SRR23929852	SRR15376153	SRR3191403	DRR381743	SRR6929602	SRR6929612	SRR4301562	SRR9994124	SRR15415622	SRR15415621	SRR25603930	SRR427084	SRR6929620	SRR3195851	SRR15376144	SRR2914455	SRR6929637	SRR15415540	SRR15376143	SRR14419375	SRR5413253	SRR25551086	SRR3224568	SRR14419377	DRR381745	SRR3224814	SRR15415620	SRR7460819	SRR15415610	SRR10119255	SRR25523643	SRR6929635	SRR4301525	SRR15415580	SRR15415538	SRR4301519	SRR15415574	SRR25603929	SRR4301514	SRR6929616	SRR6929632	SRR15415556	SRR3195836	SRR1509643	DRR381749	SRR25523645	SRR941218	SRR2762258	SRR6929629	SRR15415557	SRR13160360	SRR10506462	SRR9694420	SRR4301550	DRR381616	SRR4301574	SRR6929607	SRR4301564	DRR381735	SRR6929603	SRR6929604	DRR381669	DRR381607	SRR3180707	SRR15376147	DRR381603	SRR15376152	SRR10337442	SRR14419383	SRR4301522	SRR6929613	DRR381635	SRR15415613	SRR8292155	SRR6929628	SRR6929630	SRR4301588	SRR25603927	SRR10119414	DRR381601	SRR15376154	SRR4301544	SRR6929608	SRR3195852	SRR1714120	SRR8192791	SRR25510170	SRR13167188	SRR2914453	SRR15415555	SRR15415532	SRR15415549	SRR3205742	SRR6929615	SRR4301569	SRR15376150	SRR14419387	DRR381701	SRR6929617	SRR7896257	SRR15674630	SRR3195841	SRR6929611	DRR381634	SRR15376151	SRR6929633	DRR381744	SRR15415539	DRR381723	SRR13160357	SRR6929636	SRR6373397	SRR6929605	SRR6929625	SRR5870510	DRR381661	DRR381665	SRR4301554	SRR6929622	SRR6929623	SRR15415542	SRR3180501	SRR15415554	SRR3180502	SRR6929621	SRR6929626	SRR5864678	SRR4301548	SRR9994127	SRR4301513	SRR15415611	SRR4301555	SRR10520171	SRR14419379	SRR6929624	SRR6929639	SRR4301579	SRR4301527	SRR4301531	SRR3195765
# contigs (>= 0 bp)	599	455	443	420	413	419	360	378	423	459	666	511	459	444	418	454	469	696	510	377	733	669	395	471	488	416	529	473	431	575	551	496	373	511	650	406	478	567	475	454	485	758	417	388	376	599	489	532	457	451	466	385	604	523	499	457	550	458	408	539	502	430	539	366	516	644	445	529	490	479	436	585	380	601	497	565	470	598	419	365	626	432	455	322	476	458	140	358	682	471	397	455	592	454	484	493	506	299	489	487	465	322	410	515	376	541	403	498	502	364	348	424	436	443	432	459	444	451	375	518	563	438	419	350	465	556	450	530	614	549	627	524	438	531	525	518	561	392	536	559	425	342	413	698	353	443	630	349	512	435	412	444	437	556	489	599	423	454	468	694	427	464	375	359	439	506	462	375	565	518	478	489	444	411	355	528	587	562	469
# contigs (>= 1000 bp)	295	206	118	113	105	140	91	90	107	115	317	166	109	90	120	119	112	134	128	87	306	278	121	291	123	131	147	102	102	232	168	128	95	145	137	85	170	125	96	108	122	149	84	104	87	193	107	161	181	95	90	93	247	157	202	93	218	104	130	122	95	110	115	89	92	332	216	324	103	91	103	184	87	267	122	229	104	186	82	96	191	162	84	83	92	104	92	115	338	144	120	190	207	112	123	113	157	78	147	115	109	82	98	127	93	141	101	136	132	85	88	91	96	132	137	113	95	113	88	147	204	95	162	91	112	96	128	209	276	265	289	97	90	132	130	146	121	92	138	129	166	85	101	181	95	97	151	93	137	104	106	115	128	103	103	112	177	97	93	306	106	169	94	89	100	118	160	105	226	237	172	113	163	108	85	128	185	174	112
# contigs (>= 5000 bp)	156	111	70	61	63	86	56	55	65	62	190	101	68	50	76	74	70	71	69	56	192	148	74	175	60	79	86	64	56	141	101	63	53	86	70	55	98	62	62	60	71	71	56	66	55	108	58	100	108	52	58	57	141	97	124	53	144	62	78	65	51	67	69	58	51	194	133	190	59	52	61	106	46	161	62	150	55	115	53	50	114	93	50	55	52	66	71	71	197	82	74	114	124	64	70	66	94	50	94	63	65	52	56	81	55	83	58	77	71	52	57	54	56	79	84	65	50	61	53	86	130	59	91	49	57	57	76	127	168	157	179	55	56	75	79	92	67	58	70	70	101	52	57	107	54	62	84	54	75	56	59	68	83	57	66	73	103	59	53	174	61	109	57	54	56	58	89	57	140	158	101	57	93	68	54	75	102	104	70
# contigs (>= 10000 bp)	117	88	60	50	54	68	45	45	55	48	130	86	57	42	64	64	58	53	58	45	137	108	60	139	46	67	70	50	46	106	70	46	41	71	55	45	80	50	51	49	60	54	51	57	44	85	47	83	84	44	46	46	105	80	93	45	109	47	60	52	44	55	55	50	43	141	105	139	49	44	53	80	38	129	50	122	46	83	43	39	89	65	43	46	43	52	65	61	139	64	62	84	94	51	55	55	76	43	70	50	52	45	42	64	47	66	47	61	56	45	46	43	45	62	67	52	42	51	44	75	94	46	74	42	48	48	66	96	123	116	127	45	44	59	59	73	52	46	54	60	78	42	47	86	42	52	74	44	59	49	45	54	71	49	50	60	80	50	47	122	51	89	48	44	47	49	70	46	107	118	79	50	71	57	46	60	80	82	58
# contigs (>= 25000 bp)	58	60	45	37	38	51	34	32	39	39	68	56	43	36	46	47	45	43	41	32	65	72	45	66	38	48	46	38	38	63	47	40	36	50	42	34	52	39	38	40	40	44	39	40	32	58	42	58	57	37	39	32	61	54	61	39	65	37	44	40	38	36	42	41	35	66	62	65	41	35	39	61	34	63	41	71	38	60	34	34	56	45	36	32	37	41	52	46	74	45	43	55	61	39	42	43	55	34	52	40	42	36	35	48	38	53	36	42	45	31	38	37	39	46	50	40	36	39	36	55	67	40	53	36	39	41	50	60	61	66	68	38	34	45	47	52	41	32	44	43	56	39	36	63	33	38	51	36	49	41	35	42	52	41	39	44	55	35	37	69	36	61	32	33	42	41	53	38	70	64	55	40	51	41	32	44	61	61	45
# contigs (>= 50000 bp)	29	30	26	25	28	29	27	25	29	27	26	31	27	24	27	30	29	29	30	26	26	34	27	22	26	26	27	30	27	30	31	28	28	29	29	27	33	27	29	26	30	32	28	26	26	33	30	34	34	25	27	25	33	29	29	27	29	30	30	26	24	27	28	31	27	24	29	22	27	24	27	33	27	26	28	31	24	33	28	24	28	26	28	26	25	31	32	29	20	32	34	30	30	27	29	28	32	25	30	26	30	27	27	29	27	28	26	29	28	26	27	30	30	27	30	29	27	27	27	27	31	25	28	24	28	24	32	35	28	27	25	28	25	30	27	35	28	26	29	28	32	33	25	29	26	29	28	28	32	29	25	28	28	26	22	26	27	28	29	26	27	32	24	25	27	27	30	28	29	30	30	28	26	27	25	31	35	31	29
Total length (>= 0 bp)	5241325	5203655	5330611	5327087	5319219	5198179	5331574	5334160	5411884	5379478	5202704	5301287	5456358	5303304	5311114	5290646	5288403	5393135	5333998	5335634	5234882	5434224	5334702	5125580	5334666	5301670	5315630	5345530	5343811	5243757	5265091	5334071	5385536	5302821	5411971	5322101	5382271	5375064	5342023	5262942	5359417	5477489	5306835	5320039	5339391	5335271	5307441	5344857	5365523	5327168	5233649	5333546	5114868	5296721	5347984	5329676	5220379	5340498	5194720	5394042	5310124	5388127	5336317	5248101	5438020	5329002	5168224	5128081	5317260	5314161	5381107	5327162	5386867	5283370	5386512	5289555	5323184	5487410	5318999	5327145	5255708	5231712	5323836	5332888	5315171	5354484	4760646	5284732	5206307	5435595	5278695	5168042	5259681	5355901	5332397	5320282	5334351	5245928	5305854	5302262	5473743	5354432	5346860	5327583	5374812	5336866	5230958	5323945	5340239	5339231	5397354	5487990	5429063	5312023	5308529	5342052	5325610	5354571	5363512	5320281	5359523	5334411	5224022	5297927	5253969	5297387	5343143	5440290	5217070	5213785	5250268	5436125	5320441	5379290	5291684	5281263	5353005	5329253	5286092	5289784	5222057	5492100	5330460	5430699	5330143	5335604	5354305	5263610	5404388	5323643	5327638	5325825	5301791	5321838	5271316	5271825	5221348	5438065	5441395	5330324	5379738	5263749	5381301	5337733	5316436	5333604	5338908	5284093	5474887	5212748	5330466	5407799	5279604	5321545	5341814	5383950	5340623	5340070	5288403
Total length (>= 1000 bp)	5146542	5126628	5228856	5230675	5223108	5111236	5246556	5246167	5316589	5270085	5092994	5197465	5352072	5197794	5215866	5188491	5180751	5238431	5210729	5246741	5103075	5313444	5252633	5073817	5220709	5210838	5195776	5233445	5240205	5137392	5150855	5217493	5296515	5188085	5256210	5230923	5278909	5231393	5231790	5163512	5248593	5307343	5202013	5231305	5250581	5214743	5192467	5234024	5276229	5222023	5127699	5242001	4999094	5188319	5252023	5219155	5119555	5230726	5111362	5270608	5200573	5282750	5207389	5168858	5305472	5235013	5097159	5062390	5203435	5208530	5278304	5199385	5298422	5178409	5266985	5188876	5217434	5359426	5223823	5243143	5126406	5147414	5221217	5257914	5208765	5247190	4747687	5209319	5101439	5336682	5194943	5085206	5141759	5246243	5219787	5203600	5222735	5177920	5198740	5189360	5366438	5277823	5252119	5206996	5287907	5217339	5135638	5201162	5225177	5252519	5316015	5383719	5321526	5215410	5216355	5231923	5219138	5247029	5273732	5210912	5248013	5223977	5143751	5217544	5145231	5171309	5247404	5338403	5109439	5131907	5146700	5322282	5221544	5257170	5171130	5167843	5218275	5237240	5168212	5169159	5143039	5419248	5235408	5272205	5245395	5230576	5213469	5184068	5284282	5222684	5233927	5225060	5201555	5189179	5159619	5133164	5137401	5328318	5329706	5204036	5273146	5177267	5290426	5252481	5215493	5211092	5240517	5202083	5369323	5126225	5231171	5299851	5187255	5227172	5257378	5262115	5211635	5216316	5180751
Total length (>= 5000 bp)	4847961	4900533	5104160	5118580	5123338	4982505	5175960	5166873	5229358	5158182	4805457	5042060	5262521	5109906	5107046	5085492	5085404	5101222	5073222	5177776	4851375	4999584	5138671	4777637	5080894	5088447	5059354	5152488	5141839	4921109	5006458	5075431	5204395	5064579	5108296	5166074	5119052	5094898	5155908	5054285	5146405	5130711	5145326	5137199	5185242	5021547	5083452	5076226	5105876	5133784	5052382	5163814	4751248	5053584	5085960	5131578	4955499	5149278	4994468	5155186	5103904	5194295	5110349	5102484	5227197	4931111	4905023	4721837	5101029	5131099	5195615	5017102	5212366	4939052	5136396	5010474	5118261	5183759	5159668	5146505	4941244	4988166	5148315	5195724	5125319	5167318	4703707	5093629	4776930	5191327	5086297	4895561	4924832	5150335	5094933	5098757	5075971	5118082	5072661	5069921	5278576	5213934	5166644	5110562	5205373	5085652	5041754	5063423	5082438	5179394	5252627	5300259	5237479	5088395	5094564	5106957	5122541	5122603	5197253	5067686	5082358	5135739	4973494	5122579	5024146	5079646	5113933	5161212	4855782	4879588	4891105	5233701	5153922	5128886	5059814	5049983	5093935	5160587	5016299	5029876	4984779	5354605	5147486	5116489	5156452	5160577	5062812	5104372	5130640	5126070	5123664	5117743	5088210	5091177	5077955	5045409	4945720	5247818	5245089	4900409	5179172	5044879	5208192	5180287	5118532	5077697	5069206	5087496	5163763	4926700	5063687	5165321	5033751	5138571	5191014	5149501	5021125	5046963	5085404
Total length (>= 10000 bp)	4550480	4720422	5033470	5036387	5058472	4845663	5094177	5092714	5157102	5051672	4366515	4930118	5185841	5050907	5022487	5006617	5006215	4975531	4984889	5094553	4434204	4698342	5037851	4509390	4978442	4996768	4937457	5047493	5067735	4655202	4765730	4961988	5113755	4950998	5004786	5088831	4978653	5006134	5075340	4981943	5062312	5010050	5112466	5068844	5102882	4852031	5005666	4943847	4922172	5073908	4968210	5081699	4482650	4917911	4854489	5067905	4689362	5042802	4854079	5069008	5054507	5107663	5004745	5042678	5167005	4549022	4698905	4347414	5020328	5071345	5137707	4822468	5154437	4692642	5051691	4805271	5048592	4937015	5085902	5063579	4762195	4779621	5098223	5133673	5062637	5065401	4659115	5020205	4366115	5053867	4997516	4656954	4702900	5054959	4985479	5018545	4935377	5069436	4895370	4975407	5187039	5160693	5068203	4987977	5141990	4956949	4957931	4950893	4963409	5129951	5180122	5222384	5157933	4959096	4962041	5007125	5066529	5046225	5127747	4987826	4808878	5044927	4848520	5068212	4958287	5016945	5038616	4938849	4502689	4569257	4509323	5157459	5063594	5011810	4912473	4901421	4986157	5073898	4900789	4961848	4810133	5284240	5067945	4952403	5065403	5087689	4989854	5027680	5013229	5073985	5026010	5014933	4995405	5036111	4964060	4956538	4771341	5184043	5204768	4509779	5105299	4889719	5142523	5104472	5055680	5014613	4927050	5009133	4918529	4634293	4889902	5110944	4869421	5056941	5134328	5037602	4869615	4865327	5006215
Total length (>= 25000 bp)	3552483	4277472	4774799	4839842	4808389	4552971	4913786	4885407	4878564	4926087	3372032	4427251	4974268	4956499	4734247	4715825	4773247	4822356	4716677	4892685	3267005	4071980	4760870	3356902	4852505	4674506	4590969	4862830	4950119	3924517	4364808	4857592	5022738	4626460	4788048	4904430	4517726	4839426	4885877	4835993	4773687	4841098	4907225	4812534	4908815	4395518	4911553	4530258	4488898	4967367	4844924	4859879	3702150	4510493	4339053	4965566	3980711	4890137	4607817	4892099	4962701	4823655	4811989	4903607	5027928	3368866	3989253	3155665	4903568	4927905	4911892	4500168	5083127	3655396	4889969	4026682	4914796	4557062	4935793	4975739	4241478	4460900	4975559	4909389	4964162	4893374	4428035	4763894	3319613	4729658	4673678	4162700	4164627	4861061	4787790	4834169	4604267	4925495	4579133	4795911	5022110	5003892	4946145	4747257	4984133	4748865	4782334	4632512	4789383	4905833	5051478	5137773	5066909	4702671	4677250	4803301	4974689	4862019	4999322	4674060	4339475	4941195	4527129	4973788	4811062	4904849	4796885	4348866	3471661	3744736	3544315	5045310	4894079	4761419	4744591	4567832	4797345	4853864	4723195	4713479	4483856	5224388	4899932	4592828	4900582	4870769	4616439	4907121	4859697	4950456	4869748	4799139	4690464	4917767	4777829	4700435	4382119	4940768	5058735	3650332	4865784	4388370	4878131	4928582	4967463	4894434	4639883	4879201	4306445	3730991	4491592	4954984	4577193	4798481	4904249	4780578	4565047	4510801	4773247
Total length (>= 50000 bp)	2515922	3270620	4075599	4408296	4458592	3786334	4676712	4624309	4491693	4504082	1949727	3504516	4367975	4527711	4016276	4057869	4154301	4346463	4343230	4673511	1910686	2742794	4127545	1843051	4429457	3879960	3935662	4593157	4534481	2770958	3795886	4425170	4746831	3857428	4326134	4661081	3878375	4448495	4573060	4333877	4414693	4422795	4535212	4283980	4690520	3486083	4488016	3665207	3732559	4522339	4411172	4600462	2780143	3608801	3189678	4542644	2717776	4656998	4127296	4369798	4419635	4515935	4315324	4574682	4727628	1882836	2826831	1663581	4440990	4525617	4479182	3460826	4824784	2360094	4422043	2651934	4399214	3628414	4729309	4627123	3228310	3787651	4668036	4698667	4524990	4557030	3733801	4156418	1461392	4281581	4354524	3253886	3110885	4418836	4319685	4294094	3728741	4604112	3778262	4277639	4581578	4676081	4660158	4098191	4598036	3892911	4427135	4189079	4164429	4719761	4629951	4886558	4743356	4038405	3990716	4414557	4642486	4437949	4672164	3652069	2995263	4388040	3617202	4501617	4409030	4278006	4163578	3508345	2286412	2344022	2006456	4690280	4570038	4220560	3994314	3968581	4325868	4634698	4169300	4181323	3673900	5002531	4508524	3419328	4657705	4547332	3772425	4624620	4230481	4516970	4508884	4291402	3851502	4384255	4179735	4029801	3344274	4674633	4765595	2132424	4526016	3364331	4587535	4638178	4450210	4413682	3812468	4524934	2858150	2546208	3590213	4510626	3716283	4270771	4643159	4316578	3644793	3452795	4154301
# contigs	349	255	175	169	160	188	139	138	164	182	377	222	167	147	177	176	171	209	202	134	386	348	169	318	190	182	224	165	165	296	236	196	148	216	219	133	233	212	149	155	189	240	147	153	137	260	175	220	238	148	143	145	316	219	262	154	271	168	174	194	143	171	189	128	170	392	256	362	161	142	162	262	139	328	196	289	158	260	133	143	259	215	133	126	143	163	96	158	397	201	168	240	273	170	188	177	225	119	206	176	169	125	149	204	148	213	154	212	201	133	129	151	158	185	191	176	154	174	139	207	270	155	216	137	175	152	181	270	342	307	349	151	143	201	201	209	191	142	197	187	211	122	153	277	151	152	227	139	205	157	163	172	189	179	163	178	235	155	158	382	171	217	147	135	156	188	220	150	290	289	232	169	219	162	133	199	263	249	171
Largest contig	203532	321599	374749	503533	652984	364343	461534	716137	374675	503417	133651	234816	374628	663199	411564	356113	361784	374744	461508	716143	122777	129468	374784	148190	611490	652990	313690	340719	611490	189911	313920	440562	611488	244557	374743	652990	309669	613642	340719	501025	340719	474777	374694	461520	716137	219798	541869	255741	247323	419948	374749	716137	150700	325239	179564	419935	154678	340719	399525	519664	371744	374687	352710	374706	520772	164890	247224	118413	374744	419723	377614	281187	693430	150754	461520	202640	419936	244142	652990	673778	255252	313873	505173	374642	371744	461522	444490	362472	103106	374628	413520	251587	201979	361996	314247	419948	251792	374706	263875	374743	374233	374673	611490	325248	374697	313689	374748	340920	402681	716143	611006	378221	377937	411564	423165	569676	371747	374705	368263	325218	161956	374749	342345	504988	357969	371747	314003	238357	180304	202117	138979	413479	652984	314199	325248	229451	374643	716143	374754	374768	242795	377934	673750	268948	673778	374693	356113	673780	368503	374750	673780	348518	402033	610781	610788	374687	313785	618710	425758	118821	374641	238046	374717	716137	399379	611499	611744	613645	190620	168241	278351	450935	247753	461640	716137	314176	213961	267286	361784
Total length	5185245	5159887	5269733	5271352	5263186	5145224	5281571	5280480	5355582	5317481	5136650	5236092	5393781	5237802	5257436	5228294	5222083	5291656	5264273	5280925	5157387	5362177	5285105	5092085	5269069	5248666	5250839	5279338	5285017	5182684	5199570	5266873	5334976	5239050	5315888	5265395	5324121	5294636	5270979	5197036	5296027	5371760	5247284	5266917	5286319	5261808	5241639	5276111	5314972	5259181	5164499	5279799	5049577	5232765	5294985	5263035	5155998	5277395	5142492	5320829	5234877	5328232	5259091	5196655	5360834	5275749	5125131	5089585	5244265	5244827	5321341	5257122	5335366	5221516	5320148	5228933	5255196	5410233	5260092	5276518	5176240	5183500	5256279	5289090	5245258	5290207	4750675	5241292	5142411	5376271	5228516	5120888	5188487	5288603	5265559	5251143	5269973	5207045	5241404	5233002	5409116	5309747	5288411	5261624	5325104	5269085	5174976	5257452	5272897	5287393	5346092	5425697	5365573	5254603	5255628	5278072	5261434	5291019	5310116	5253470	5293564	5267364	5180845	5250952	5190402	5210768	5284630	5382392	5156053	5161595	5188550	5360690	5258675	5306491	5222972	5213665	5268771	5273669	5210554	5209872	5173407	5445601	5273722	5339318	5284812	5270642	5265696	5216489	5334190	5261496	5273832	5264934	5245766	5243213	5200986	5181714	5179196	5370947	5375416	5257719	5320714	5211914	5327467	5286236	5255575	5260998	5284051	5235315	5414929	5162421	5272113	5338632	5227320	5266381	5291603	5313505	5266894	5268364	5222083
Reference length	5662137	5500773	5542240	5542442	5555917	5598446	5553251	5555563	5627247	5652450	5621861	5552230	5745266	5524870	5555918	5530258	5531321	5741710	5597666	5553158	5492338	5777936	5586183	5466350	5394199	5553158	5603028	5612529	5574764	5560677	5613850	5563075	5577185	5600778	5737031	5553169	5648903	5736880	5612573	5549910	5649359	5866200	5489831	5551313	5555919	5604725	5556552	5588988	5626776	5550869	5428573	5555925	5509007	5600699	5679908	5551589	5545489	5825793	5509697	5686680	5552868	5545237	5634629	5425603	5633927	5669067	5516392	5538109	5550459	5551558	5643655	5649520	5594122	5626460	5650829	5606577	5551506	5757794	5553163	5517290	5668040	5503176	5639399	5517405	5551583	5618714	5574593	5495749	5573700	5772391	5542224	5503522	5570283	5608759	5655656	5559170	5634620	5407703	5601006	5600993	5731303	5524294	5573470	5613910	5571929	5656808	5438085	5639358	5641052	5553146	5582377	5751117	5661009	5553168	5553150	5630167	5552870	5569576	5630853	5633885	5641889	5542245	5509229	5498101	5579844	5713227	5586376	5740825	5592126	5606180	5555348	5674054	5553249	5688743	5624856	5555594	5641811	5553154	5505679	5582682	5497141	5680026	5526458	5817871	5517227	5553625	5685865	5449642	5730723	5551339	5578015	5542244	5553074	5581012	5481530	5545203	5501393	5697533	5697472	5723703	5624664	5553597	5564973	5555913	5546907	5581115	5557033	5396363	5802177	5547743	5658644	5647778	5520410	5555919	5555919	5658182	5711451	5615318	5531320
GC (%)	50.49	50.35	50.33	50.31	50.29	50.28	50.29	50.28	50.22	50.21	50.62	50.34	50.24	50.24	50.33	50.28	50.28	50.22	50.28	50.28	50.56	50.29	50.31	50.75	50.24	50.36	50.28	50.22	50.23	50.52	50.34	50.23	50.15	50.29	50.23	50.28	50.25	50.19	50.23	50.24	50.25	50.27	50.34	50.29	50.28	50.28	50.18	50.32	50.26	50.24	50.27	50.28	50.47	50.29	50.43	50.24	50.49	50.22	50.27	50.20	50.24	50.23	50.20	50.29	50.17	50.57	50.61	50.66	50.23	50.23	50.18	50.31	50.15	50.54	50.27	50.52	50.24	50.35	50.28	50.25	50.36	50.27	50.23	50.26	50.23	50.26	50.91	50.33	50.67	50.32	50.44	50.52	50.42	50.18	50.18	50.25	50.31	50.36	50.29	50.28	50.24	50.25	50.23	50.25	50.25	50.25	50.30	50.24	50.28	50.28	50.29	50.27	50.24	50.30	50.33	50.20	50.25	50.25	50.24	50.21	50.42	50.28	50.30	50.25	50.28	50.22	50.31	50.38	50.70	50.62	50.53	50.26	50.27	50.31	50.30	50.34	50.16	50.28	50.25	50.27	50.32	50.33	50.25	50.22	50.25	50.27	50.26	50.29	50.31	50.24	50.27	50.31	50.35	50.24	50.29	50.26	50.35	50.20	50.23	50.58	50.20	50.37	50.18	50.28	50.27	50.24	50.21	50.30	50.52	50.53	50.27	50.15	50.34	50.30	50.28	50.20	50.22	50.31	50.28
Reference GC (%)	50.48	50.47	50.48	50.51	50.50	50.46	50.50	50.50	50.44	50.44	50.35	50.46	50.48	50.46	50.50	50.47	50.47	50.50	50.51	50.50	50.46	50.42	50.44	50.46	50.50	50.50	50.48	50.48	50.45	50.47	50.48	50.43	50.35	50.49	50.49	50.50	50.40	50.47	50.48	50.43	50.50	50.55	50.48	50.50	50.50	50.47	50.51	50.49	50.36	50.47	50.46	50.50	50.47	50.49	50.48	50.47	50.51	50.46	50.46	50.48	50.47	50.44	50.49	50.45	50.49	50.39	50.46	50.40	50.47	50.47	50.44	50.54	50.37	50.49	50.48	50.47	50.47	50.50	50.50	50.44	50.51	50.47	50.43	50.44	50.47	50.51	50.45	50.50	50.48	50.45	50.48	50.37	50.44	50.39	50.42	50.47	50.48	50.52	50.46	50.46	50.50	50.43	50.45	50.48	50.44	50.50	50.50	50.44	50.52	50.50	50.47	50.50	50.46	50.50	50.50	50.45	50.47	50.44	50.50	50.42	50.46	50.48	50.47	50.45	50.44	50.49	50.42	50.51	50.52	50.50	50.46	50.48	50.50	50.56	50.49	50.52	50.38	50.50	50.45	50.54	50.47	50.52	50.45	50.47	50.44	50.48	50.51	50.46	50.53	50.46	50.45	50.48	50.50	50.45	50.43	50.46	50.47	50.44	50.50	50.48	50.43	50.51	50.41	50.50	50.46	50.45	50.36	50.55	50.55	50.54	50.43	50.48	50.42	50.50	50.50	50.44	50.49	50.45	50.47
N50	48265	78814	149180	183892	188070	121858	209858	188070	163748	177894	34931	92038	148119	258849	135834	124152	136222	147383	180027	188070	35413	51131	139729	35396	183883	131881	128538	160453	183882	58350	99087	169565	241098	122329	145228	187430	94927	180046	183877	148134	187940	138024	187345	166151	188070	74269	151905	92038	91724	258736	148876	188070	56819	106783	85952	187931	57206	183934	127737	148119	244564	187936	160455	170369	208729	35487	58282	34954	160457	258736	188160	80476	244564	42767	160342	50456	244564	83506	187430	241098	87623	133173	187590	244541	244564	148119	101705	134331	32917	126919	116768	81039	77070	187937	155992	149182	97989	211702	114902	149182	148325	187928	201736	129017	187928	121933	193469	159148	148132	209858	187510	183359	160455	132851	124229	144669	244564	183739	209957	115661	66594	241121	111512	249422	148135	225079	108525	78399	42628	45718	38725	187504	209858	136962	157170	110217	147335	188070	148134	145292	94094	160457	193471	92037	244541	183740	102488	183166	131621	157102	201741	142436	129127	170305	249980	147335	103753	188160	187931	39180	237944	86359	208140	188070	244564	170305	108333	160342	57644	49200	94240	164270	134071	140321	188070	143824	92057	87654	136222
NG50	41756	74688	128107	160345	178153	114548	188070	188070	145283	160342	31653	78671	145292	244564	124229	110084	127451	145228	148119	188070	34040	44557	130606	34106	183883	124772	115846	148119	148135	48918	95072	148120	201738	109193	144453	183809	94247	148119	160454	142522	160430	124229	159043	160342	188070	70036	145395	81706	89715	244564	148330	188070	50864	97994	67687	187931	47731	160454	113822	145361	244564	187936	148119	156317	187932	34340	52446	29264	148119	244564	183856	75581	187932	38603	148119	42411	244564	79421	183810	201737	73819	124229	160455	244541	244564	145240	84442	132133	32434	109299	108179	74504	63177	183883	135972	133874	91105	205566	99709	148135	145296	187928	201736	124152	187928	105317	167771	148292	135793	209858	187510	160454	156891	132721	117924	142386	244564	156317	209957	103404	57773	241121	104774	249422	147333	187504	108404	68299	38304	40852	36488	160457	187430	131044	124152	108661	145290	188070	143787	142657	92057	160457	187937	79696	201738	163748	94467	183166	124229	149419	187937	139217	124229	148150	249980	145213	93138	183857	164664	35473	187936	75033	208140	188070	156980	148135	101090	160342	49291	45972	91676	146270	118023	136215	188070	114202	79445	73320	127451
N90	8752	11531	30139	29712	28890	23322	41903	38550	31508	31657	7327	18122	32531	38544	25835	26068	29721	29654	24931	41903	8247	8317	26070	8666	29724	24827	16011	31185	39111	9827	12804	30602	39301	21195	26070	41903	15688	26098	31286	31180	27693	26098	35780	31133	41903	14214	36094	17242	13649	42806	35154	36858	9299	17816	12374	38544	10910	35780	24887	30602	40858	27666	27663	36818	41870	7333	12046	7225	30602	40626	31436	15498	54817	9883	30598	11500	38544	11668	43187	39301	12488	13578	43145	43127	40626	30598	29790	26098	6825	19635	24051	12230	11052	35217	28348	31167	17649	43192	22154	29814	35780	43162	39302	25012	35780	25791	31180	21944	26496	43187	40299	54519	43145	22761	23716	28745	42928	28745	43162	22707	11606	35574	16891	43145	35583	35584	26070	12375	8087	8863	8330	38544	36858	24922	26070	20001	30602	38550	29721	25677	13975	59508	35780	14953	34035	35780	19089	43145	28348	35780	35583	28745	24719	32381	27301	26773	13569	37912	43145	7460	31493	17516	31331	41903	33571	30602	22771	39409	11505	9749	15685	40025	15587	28745	41903	24871	15901	15118	29721
NG90	1386	4010	13403	12045	12374	3468	19413	18233	16248	9069	1289	7125	11004	24871	11106	11720	12040	2419	8011	17211	3224	2358	11495	3272	24885	9906	5997	9351	12333	3299	3186	6768	28744	6602	3153	19293	7298	2349	11282	7925	8436	1275	23739	12045	18683	4275	14927	7913	6967	15869	20471	14554	1487	6143	4269	20823	3542	867	6806	6680	15869	14628	7125	25584	21516	2426	3719	2071	11694	15686	14532	3284	29811	2476	7718	3725	15686	5058	20912	28744	1429	5949	14926	19607	19295	11458	-	14768	1729	4939	11420	3897	3643	11474	5277	11458	5318	28745	6074	6596	12101	28745	17476	7272	21361	4219	15686	4628	6074	19413	27667	14183	19173	8709	8697	7718	24871	11487	15685	4990	5058	15869	5944	28745	5001	2419	11188	4660	1985	2029	3196	14926	18218	5243	4319	7235	6074	14790	7213	5516	6659	40590	15591	1656	20902	13797	3217	26476	4301	15686	11458	14926	9755	11458	14391	7089	4821	14460	15375	1550	11773	7481	17443	20414	24871	9254	8300	25231	3570	4076	4186	11566	7353	12784	19413	7750	2315	4552	12040
auN	60153.7	99802.7	159995.5	213909.1	221385.9	129254.2	220616.1	270453.6	178563.7	206382.3	44827.6	100942.5	176622.7	264102.7	165653.7	150046.7	148076.5	171244.5	181004.4	270858.8	43255.5	56212.7	165050.1	47641.0	220783.2	182903.7	142317.4	174088.4	225075.5	67787.9	119327.1	186827.0	236905.9	125948.7	170143.5	255430.3	114894.9	226961.2	180192.1	206833.8	164389.1	166186.9	190641.8	192047.4	270640.4	92357.2	201174.9	98171.5	99944.7	221735.5	189351.4	268089.3	60876.8	113434.8	83596.7	213219.5	67001.3	180771.1	155792.4	204243.6	216482.4	197932.7	169277.7	186240.1	229706.9	46249.5	75676.5	41657.5	183973.9	224986.3	190512.4	93829.1	280726.8	57147.5	194191.9	63182.4	215132.3	96714.8	256189.4	256131.1	96944.1	139348.7	218170.8	213927.8	216998.4	182894.8	146306.3	163994.8	38834.0	152216.0	145664.5	91158.9	81876.8	185190.6	160415.1	172701.6	107186.7	207746.7	119496.5	186886.4	175976.7	201144.5	234493.6	145388.8	196801.9	141256.0	196000.5	152492.1	163040.9	274220.1	232795.1	197955.5	196433.8	158986.3	141217.7	203995.2	215243.6	185599.7	202180.8	126555.2	72898.8	209478.9	123320.2	235494.3	175184.2	205430.5	139535.1	85771.3	53768.6	59613.4	48260.2	213292.5	258546.1	146236.5	158105.7	105887.4	173272.6	267719.1	156131.2	168329.8	100025.4	191321.1	244497.8	103142.1	250066.5	186107.7	139825.8	239674.6	142744.6	195440.8	241697.8	156482.3	147036.6	220976.4	242152.4	174610.5	102777.9	224835.2	211108.9	49084.7	198097.5	89853.3	203130.1	270779.9	201847.3	219277.4	166738.9	234792.1	70455.9	58666.8	107684.3	195158.8	126927.7	193590.8	270664.2	153090.8	92319.4	99723.5	148076.5
auNG	55087.3	93617.8	152128.7	203446.5	209721.5	118790.4	209822.9	257062.1	169943.2	194151.9	40958.7	95194.9	165817.2	250380.1	156754.2	141853.8	139798.0	157821.8	170224.0	257580.5	40617.6	52167.8	156154.4	44379.1	215661.7	172874.7	133371.8	163753.5	213377.3	63180.0	110521.2	176879.5	226617.4	117814.3	157653.6	242193.5	108289.1	209465.2	169225.2	193682.9	154107.6	152179.6	182219.0	182208.7	257507.6	86706.5	189773.5	92675.8	94406.3	210083.7	180140.4	254765.4	55799.9	105982.8	77931.5	202137.1	62295.4	163754.6	145409.3	191103.6	204085.3	190186.9	157995.6	178381.2	218572.4	43040.8	70309.0	38283.7	173824.9	212555.5	179632.0	87312.0	267741.7	53034.5	182828.0	58926.6	203649.7	90876.8	242668.8	244953.7	88532.5	131254.0	203349.1	205075.3	205024.9	172201.5	124682.4	156401.7	35829.1	141770.5	137419.4	84821.1	76264.8	174619.7	149350.5	163132.4	100250.1	200038.1	111824.5	174607.8	166084.1	193332.6	222500.2	136265.3	188084.0	131574.2	186517.5	142165.1	152400.3	261096.9	222941.6	186754.5	186182.4	150438.4	133651.7	191237.9	203946.8	176317.1	190664.5	118009.9	68398.1	199089.3	115969.5	224908.5	162957.4	187363.6	131998.1	80416.1	49575.7	54885.9	45073.7	201512.8	244831.4	136410.2	146809.3	99370.4	161815.7	254245.0	147762.0	157088.8	94134.7	183425.0	233316.5	94658.1	239532.4	176624.6	129493.1	229420.5	132867.5	185236.6	228517.5	148652.6	138899.5	207601.5	229759.1	163164.7	96758.5	211947.5	199175.7	45088.6	187392.6	84325.1	194460.7	257636.6	191246.0	206700.3	158548.0	227785.0	65753.5	54592.1	100328.6	184476.2	120188.8	183502.1	257787.6	143765.0	85133.7	93561.9	139798.0
L50	31	20	12	9	9	15	9	8	11	9	41	18	11	7	12	12	13	11	10	8	43	33	12	40	9	12	13	11	9	27	15	10	8	14	12	8	17	9	11	9	11	13	10	10	8	20	10	20	19	8	10	8	29	17	21	9	27	11	13	10	9	10	11	10	8	43	25	44	10	8	10	21	7	32	10	31	9	20	8	8	19	13	9	9	9	11	13	11	49	13	14	20	22	10	11	11	18	9	16	10	11	10	9	13	10	13	9	12	11	8	9	10	10	12	14	10	9	10	10	15	26	9	15	8	11	9	14	22	35	32	39	9	8	13	12	18	11	8	12	11	19	11	8	18	8	10	14	9	14	9	8	13	13	9	8	10	18	9	9	38	9	21	10	8	9	9	14	9	27	31	17	10	14	10	8	12	20	19	13
LG50	36	22	13	10	10	16	10	8	12	10	49	20	12	8	13	14	15	13	12	8	48	38	13	45	9	14	15	12	10	31	18	11	9	16	13	9	18	11	12	11	12	15	11	11	8	22	11	22	20	9	11	8	33	19	24	9	31	12	14	11	9	10	12	11	9	49	28	51	11	9	11	23	8	37	11	35	9	22	9	9	22	14	10	9	9	12	18	12	56	15	16	22	24	11	13	12	20	10	17	11	12	10	9	14	10	15	10	13	13	8	9	11	11	13	15	11	9	11	10	17	28	9	17	8	12	10	15	25	40	38	44	10	9	15	13	19	12	8	13	12	20	11	9	21	9	11	16	9	15	10	9	14	14	10	8	11	19	10	10	44	10	23	10	8	10	10	16	9	30	35	19	11	15	11	8	14	23	21	15
L90	130	82	44	34	36	55	29	29	37	35	161	69	39	29	46	47	43	41	42	28	160	122	45	147	35	50	53	35	33	107	63	36	30	54	42	29	65	37	34	35	40	44	33	38	28	76	36	69	73	30	33	29	112	64	86	32	105	33	45	37	31	35	40	34	30	166	98	167	35	29	35	73	27	130	38	113	32	78	29	27	80	56	30	28	30	37	47	45	172	50	45	80	91	36	41	40	62	27	58	38	38	30	30	48	32	53	32	47	44	27	32	30	32	48	53	38	30	36	30	58	90	34	60	29	35	34	49	88	139	125	145	32	29	46	46	58	39	29	43	43	66	32	31	74	29	34	57	30	47	35	31	40	54	35	36	43	71	32	31	148	34	75	30	28	34	36	58	33	103	120	68	35	59	39	28	45	70	73	43
LG90	254	123	57	46	49	100	38	38	48	52	289	94	56	37	62	62	56	91	64	38	215	206	60	210	39	68	83	51	42	162	114	52	36	82	85	39	93	83	49	51	63	125	41	51	37	113	47	93	102	39	41	40	214	95	130	41	153	118	73	59	40	46	64	41	37	246	147	271	47	39	48	123	33	196	54	159	43	115	37	34	171	87	42	35	39	52	-	56	275	83	62	127	146	51	70	54	94	32	89	59	50	35	39	72	40	85	42	80	71	36	38	40	41	67	71	59	37	49	40	87	130	43	89	36	57	75	66	129	223	206	206	42	39	74	80	85	65	40	61	69	95	36	40	153	36	45	98	36	81	44	45	52	72	48	48	65	105	45	41	264	48	102	38	37	43	50	79	38	154	173	108	48	83	52	37	67	137	106	56
# misassemblies	26	0	2	0	0	1	2	0	1	0	4	3	2	0	1	1	0	0	0	1	19	1	1	7	0	1	1	2	0	3	3	1	2	2	1	0	0	2	0	0	2	2	1	2	0	2	2	3	3	5	1	0	2	2	0	1	3	1	0	0	1	2	0	1	0	5	5	1	2	2	1	0	3	5	1	1	2	2	0	0	0	0	4	1	1	1	101	0	1	0	4	0	25	0	1	1	0	0	0	0	2	1	0	2	2	1	0	0	3	1	0	0	0	1	1	1	3	2	2	1	2	1	1	3	0	2	1	5	0	2	0	2	1	3	3	1	0	0	0	0	1	1	2	2	3	2	2	0	0	1	1	0	1	1	1	1	2	1	1	5	0	0	2	0	0	1	0	0	2	1	0	0	2	0	0	0	1	2	0
# misassembled contigs	23	0	2	0	0	1	2	0	1	0	4	1	2	0	1	1	0	0	0	1	15	1	1	7	0	1	1	2	0	3	3	1	2	2	1	0	0	2	0	0	2	2	1	2	0	2	2	2	3	5	1	0	2	2	0	1	3	1	0	0	1	2	0	1	0	4	4	1	2	2	1	0	3	5	1	1	2	1	0	0	0	0	3	1	1	1	36	0	1	0	4	0	21	0	1	1	0	0	0	0	2	1	0	2	2	1	0	0	2	1	0	0	0	1	1	1	2	2	2	1	1	1	1	3	0	2	1	3	0	2	0	2	1	2	3	1	0	0	0	0	1	1	2	2	3	1	2	0	0	1	1	0	1	1	1	1	2	1	1	5	0	0	2	0	0	1	0	0	2	1	0	0	2	0	0	0	1	2	0
Misassembled contigs length	823897	0	40269	0	0	4347	325231	0	624	0	95002	43356	56587	0	48367	3906	0	0	0	214904	580437	90816	84256	99551	0	129377	103503	130052	0	61824	407353	98183	110176	104529	47757	0	0	119401	0	0	25432	491251	80841	278132	0	113121	102620	46003	111873	734975	356111	0	111031	126468	0	419935	91653	114276	0	0	200380	123555	0	170369	0	55362	100353	11893	145477	538056	14781	0	306315	167742	248316	15185	669358	36845	0	0	0	0	292648	122336	113083	116009	3632373	0	37921	0	476034	0	1009966	0	244488	419948	0	0	0	0	249983	61485	0	263466	33118	82767	0	0	274813	216102	0	0	0	132851	50511	109129	166789	154418	298222	23471	21287	282659	24064	260073	0	431827	250090	239542	0	84131	0	100012	216102	130819	533083	5934	0	0	0	0	3762	95889	38409	67958	144010	158868	106472	0	0	249414	3984	0	63463	122354	249980	72718	33357	257408	4827	303570	0	0	317284	0	0	13640	0	0	155943	17453	0	0	60660	0	0	0	20216	42914	0
# local misassemblies	1	0	0	0	0	0	1	1	0	0	1	0	0	0	0	1	0	0	0	0	4	1	1	1	0	0	0	0	0	0	0	0	2	0	0	0	0	0	0	0	0	0	0	1	0	0	0	0	1	0	0	0	0	0	2	0	1	0	0	0	0	0	0	0	0	1	3	1	0	0	0	1	0	2	1	0	0	0	0	1	0	0	0	2	0	1	58	0	1	2	3	0	6	0	0	0	0	2	0	0	0	2	1	0	2	0	0	0	1	0	1	0	1	0	0	1	1	0	1	0	0	0	0	2	0	1	1	1	1	0	1	3	0	0	0	0	0	0	0	0	0	0	0	1	1	0	0	1	0	0	0	0	0	0	0	0	1	1	1	1	0	0	0	0	0	0	1	0	2	0	0	1	0	0	0	0	1	0	0
# scaffold gap ext. mis.	0	0	0	0	0	0	0	0	0	0	0	0	0	0	0	0	0	0	0	0	0	0	0	0	0	0	0	0	0	0	0	0	0	0	0	0	0	0	0	0	0	0	0	0	0	0	0	0	0	0	0	0	0	0	0	0	0	0	0	0	0	0	0	0	0	0	0	0	0	0	0	0	0	0	0	0	0	0	0	0	0	0	0	0	0	0	0	0	0	0	0	0	0	0	0	0	0	0	0	0	0	0	0	0	0	0	0	0	0	0	0	0	0	0	0	0	0	0	0	0	0	0	0	0	0	0	0	0	0	0	0	0	0	0	0	0	0	0	0	0	0	0	0	0	0	0	0	0	0	0	0	0	0	0	0	0	0	0	0	0	0	0	0	0	0	0	0	0	0	0	0	0	0	0	0	0	0	0	0
# scaffold gap loc. mis.	0	0	0	0	0	0	0	0	0	0	0	0	0	0	0	0	0	0	0	0	0	0	0	0	0	0	0	0	0	0	0	0	0	0	0	0	0	0	0	0	0	0	0	0	0	0	0	0	0	0	0	0	0	0	0	0	0	0	0	0	0	0	0	0	0	0	0	0	0	0	0	0	0	0	0	0	0	0	0	0	0	0	0	0	0	0	0	0	0	0	0	0	0	0	0	0	0	0	0	0	0	0	0	0	0	0	0	0	0	0	0	0	0	0	0	0	0	0	0	0	0	0	0	0	0	0	0	0	0	0	0	0	0	0	0	0	0	0	0	0	0	0	0	0	0	0	0	0	0	0	0	0	0	0	0	0	0	0	0	0	0	0	0	0	0	0	0	0	0	0	0	0	0	0	0	0	0	0	0
# unaligned mis. contigs	2	0	0	0	0	0	0	0	0	0	0	0	0	0	0	0	0	0	0	0	2	0	0	0	1	0	0	0	0	0	0	0	0	0	0	0	0	0	0	0	0	0	0	0	0	1	0	0	0	1	0	0	0	0	0	0	0	0	0	0	0	1	0	0	0	0	0	0	0	0	0	0	0	0	0	0	0	0	0	0	0	0	0	0	0	0	4	0	0	0	0	0	4	0	0	0	0	0	0	0	0	0	0	0	0	0	0	0	0	0	0	0	0	0	0	0	0	0	0	0	0	0	0	0	0	0	0	0	0	0	0	0	0	0	0	0	0	0	0	0	0	0	0	0	0	0	0	0	0	0	0	0	0	0	0	0	0	0	0	0	0	0	0	0	0	0	0	0	0	0	0	0	0	0	0	0	0	0	0
# unaligned contigs	4 + 11 part	1 + 0 part	0 + 0 part	1 + 0 part	0 + 0 part	1 + 0 part	1 + 0 part	1 + 0 part	0 + 0 part	0 + 0 part	0 + 0 part	0 + 0 part	0 + 0 part	0 + 0 part	0 + 0 part	0 + 0 part	0 + 0 part	1 + 0 part	0 + 0 part	1 + 0 part	26 + 20 part	0 + 1 part	0 + 0 part	0 + 0 part	10 + 7 part	0 + 0 part	1 + 1 part	1 + 0 part	0 + 0 part	0 + 0 part	0 + 0 part	1 + 0 part	1 + 0 part	0 + 0 part	1 + 0 part	1 + 0 part	0 + 0 part	0 + 0 part	1 + 0 part	0 + 0 part	0 + 0 part	3 + 0 part	0 + 0 part	0 + 0 part	1 + 0 part	2 + 1 part	2 + 1 part	0 + 0 part	1 + 0 part	0 + 1 part	3 + 1 part	1 + 0 part	0 + 0 part	0 + 0 part	1 + 0 part	0 + 0 part	0 + 0 part	1 + 0 part	0 + 0 part	1 + 0 part	0 + 0 part	1 + 5 part	0 + 0 part	0 + 0 part	2 + 0 part	0 + 1 part	0 + 0 part	0 + 1 part	0 + 0 part	0 + 0 part	1 + 0 part	0 + 0 part	1 + 1 part	0 + 0 part	0 + 0 part	0 + 0 part	0 + 0 part	0 + 0 part	1 + 0 part	1 + 0 part	0 + 0 part	0 + 0 part	1 + 0 part	0 + 0 part	0 + 0 part	2 + 0 part	22 + 50 part	0 + 0 part	0 + 0 part	0 + 0 part	0 + 0 part	1 + 0 part	9 + 19 part	0 + 0 part	0 + 0 part	0 + 0 part	0 + 0 part	0 + 0 part	0 + 0 part	0 + 0 part	0 + 0 part	0 + 0 part	0 + 0 part	0 + 0 part	0 + 0 part	0 + 0 part	0 + 0 part	0 + 0 part	0 + 0 part	1 + 0 part	1 + 1 part	2 + 0 part	0 + 1 part	0 + 0 part	0 + 0 part	0 + 0 part	0 + 0 part	0 + 0 part	0 + 0 part	0 + 0 part	0 + 1 part	0 + 0 part	0 + 0 part	1 + 0 part	0 + 0 part	0 + 0 part	0 + 0 part	2 + 0 part	0 + 0 part	0 + 0 part	0 + 0 part	0 + 1 part	1 + 0 part	0 + 0 part	0 + 0 part	0 + 0 part	0 + 0 part	1 + 0 part	0 + 0 part	0 + 0 part	0 + 0 part	1 + 0 part	0 + 0 part	0 + 0 part	1 + 0 part	0 + 0 part	0 + 0 part	0 + 0 part	0 + 0 part	0 + 0 part	0 + 0 part	0 + 0 part	0 + 0 part	0 + 0 part	0 + 0 part	0 + 0 part	0 + 0 part	1 + 0 part	1 + 0 part	0 + 0 part	0 + 0 part	0 + 0 part	0 + 1 part	1 + 0 part	0 + 0 part	0 + 0 part	0 + 0 part	5 + 1 part	0 + 0 part	0 + 0 part	0 + 0 part	3 + 0 part	1 + 0 part	0 + 0 part	1 + 0 part	0 + 0 part	0 + 0 part	0 + 0 part	0 + 0 part
Unaligned length	51780	4273	0	5386	0	7324	5386	5386	0	0	0	0	0	0	0	0	0	5386	0	5386	224280	1512	0	0	143849	0	9783	5386	0	0	0	5386	5386	0	5386	5386	0	0	5386	0	0	14186	0	0	5386	67848	42399	0	548	8367	54238	5386	0	0	6675	0	0	5386	0	5386	0	40906	0	0	36130	1396	0	1645	0	0	5386	0	6855	0	0	0	0	0	5386	5386	0	0	3306	0	0	11428	692901	0	0	0	0	3306	88728	0	0	0	0	0	0	0	0	0	0	0	0	0	0	0	0	5386	5779	12059	1987	0	0	0	0	0	0	0	1987	0	0	3305	0	0	0	41364	0	0	0	1350	5386	0	0	0	0	5386	0	0	0	5386	0	0	5386	0	0	0	0	0	0	0	0	0	0	0	0	5386	5386	0	0	0	14484	5386	0	0	0	99005	0	0	0	36846	1278	0	5386	0	0	0	0
Genome fraction (%)	90.038	93.478	94.963	95.013	94.692	91.624	95.017	94.943	95.172	94.047	90.332	94.068	93.873	94.800	94.522	94.420	94.335	92.065	93.992	94.996	89.462	92.149	94.609	92.373	94.987	94.388	93.378	93.943	94.804	92.751	92.440	94.547	95.560	93.422	92.556	94.719	94.059	92.267	93.817	93.641	93.695	91.317	95.593	94.834	95.054	92.338	93.566	94.202	94.123	94.573	94.126	94.934	91.478	93.273	93.099	94.801	92.508	90.490	93.253	93.477	94.272	95.247	93.325	95.782	94.512	92.048	92.881	91.087	94.472	94.477	94.190	92.850	95.241	92.085	94.120	92.719	94.655	93.736	94.612	95.540	91.013	94.006	93.145	95.857	94.482	93.954	72.393	95.281	91.257	93.134	94.310	92.860	91.130	94.287	93.039	94.423	93.381	96.289	93.360	93.398	94.379	96.116	94.886	93.668	95.570	93.034	95.161	93.148	93.376	95.118	95.638	94.108	94.743	94.513	94.497	93.707	94.753	94.995	94.308	93.102	93.395	95.024	93.884	95.430	93.015	91.199	94.594	93.032	91.325	91.390	92.547	94.440	94.603	93.210	92.774	93.631	93.389	94.853	94.636	93.321	93.836	95.768	95.415	91.606	95.687	94.904	92.486	95.717	93.080	94.767	94.546	94.934	94.317	93.947	94.883	93.456	93.898	94.161	94.254	91.098	94.595	93.611	95.466	95.041	94.734	94.257	94.914	95.178	93.001	92.400	92.953	93.886	94.451	94.719	95.149	93.844	92.075	93.600	94.335
Duplication ratio	1.001	1.000	1.000	1.000	1.000	1.000	1.000	1.000	1.000	1.000	1.001	1.000	1.000	1.000	1.000	1.000	1.000	1.000	1.000	1.000	1.001	1.001	1.000	1.000	1.000	1.000	1.000	1.000	1.000	1.000	1.000	1.000	1.000	1.000	1.000	1.000	1.000	1.000	1.000	1.000	1.000	1.000	1.000	1.000	1.000	1.001	1.000	1.000	1.000	1.000	1.000	1.000	1.000	1.000	1.000	1.000	1.000	1.000	1.000	1.000	1.000	1.001	1.000	1.000	1.000	1.000	1.000	1.000	1.000	1.000	1.000	1.000	1.000	1.000	1.000	1.000	1.000	1.000	1.000	1.000	1.000	1.000	1.000	1.000	1.000	1.000	1.005	1.000	1.000	1.000	1.000	1.000	1.001	1.000	1.000	1.000	1.000	1.000	1.000	1.000	1.000	1.000	1.000	1.000	1.000	1.000	1.000	1.000	1.000	1.000	1.000	1.000	1.000	1.000	1.000	1.000	1.000	1.000	1.000	1.000	1.000	1.000	1.000	1.000	1.000	1.000	1.000	1.000	1.000	1.000	1.000	1.000	1.000	1.000	1.000	1.000	1.000	1.000	1.000	1.000	1.000	1.000	1.000	1.000	1.000	1.000	1.000	1.000	1.000	1.000	1.000	1.000	1.000	1.000	1.000	1.000	1.000	1.000	1.000	1.000	1.000	1.000	1.000	1.000	1.000	1.000	1.000	1.000	1.000	1.000	1.000	1.000	1.000	1.000	1.000	1.000	1.000	1.000	1.000
# N's per 100 kbp	0.00	0.00	0.00	0.00	0.00	0.00	0.00	0.00	0.00	0.00	0.00	0.00	0.00	0.00	0.00	0.00	0.00	0.00	0.00	0.00	0.00	0.00	0.00	0.00	0.00	0.00	0.00	0.00	0.00	0.00	0.00	0.00	0.00	0.00	0.00	0.00	0.00	0.00	0.00	0.00	0.00	0.00	0.00	0.00	0.00	0.00	0.00	0.00	0.00	0.00	0.00	0.00	0.00	0.00	0.00	0.00	0.00	0.00	0.00	0.00	0.00	0.00	0.00	0.00	0.00	0.00	0.00	0.00	0.00	0.00	0.00	0.00	0.00	0.00	0.00	0.00	0.00	0.00	0.00	0.00	0.00	0.00	0.00	0.00	0.00	0.00	0.00	0.00	0.00	0.00	0.00	0.00	0.00	0.00	0.00	0.00	0.00	0.00	0.00	0.00	0.00	0.00	0.00	0.00	0.00	0.00	0.00	0.00	0.00	0.00	0.00	0.00	0.00	0.00	0.00	0.00	0.00	0.00	0.00	0.00	0.00	0.00	0.00	0.00	0.00	0.00	0.00	0.00	0.00	0.00	0.00	0.00	0.00	0.00	0.00	0.00	0.00	0.00	0.00	0.00	0.00	0.00	0.00	0.00	0.00	0.00	0.00	0.00	0.00	0.00	0.00	0.00	0.00	0.00	0.00	0.00	0.00	0.00	0.00	0.00	0.00	0.00	0.00	0.00	0.00	0.00	0.00	0.00	0.00	0.00	0.00	0.00	0.00	0.00	0.00	0.00	0.00	0.00	0.00
# mismatches per 100 kbp	36.69	2.31	0.23	0.04	0.15	1.15	0.95	0.32	0.21	0.13	5.08	1.44	0.41	0.15	0.63	2.03	0.27	0.00	0.17	0.45	30.16	7.81	1.44	4.16	1.31	1.07	1.45	0.89	0.02	3.66	1.33	8.53	0.73	1.28	0.26	0.76	0.43	0.89	3.21	0.17	1.10	1.83	0.61	0.89	0.36	5.41	0.77	1.25	2.27	1.92	0.49	0.11	3.39	1.28	0.66	0.15	3.35	0.74	0.93	0.00	0.27	5.73	0.11	0.85	0.15	2.78	5.07	3.03	0.40	0.19	0.55	0.74	1.56	3.34	0.23	2.23	0.89	0.89	0.44	0.15	1.43	0.64	0.93	0.47	0.02	3.49	1698.52	0.48	3.50	0.45	1.13	0.96	41.86	0.40	0.32	0.29	0.65	0.10	0.21	0.48	2.18	0.21	0.15	1.18	0.69	0.65	0.15	0.48	0.49	0.51	1.27	1.00	1.36	0.57	0.84	0.42	0.19	0.02	0.32	0.17	3.81	0.15	2.42	2.44	0.19	0.44	1.00	0.86	1.37	1.17	1.91	2.07	0.42	0.75	0.61	0.77	0.06	0.32	0.25	0.12	2.05	0.22	1.01	1.31	0.63	0.72	2.00	0.48	0.66	0.53	1.50	0.30	2.44	0.80	0.15	1.18	3.37	2.80	1.08	3.74	0.09	0.48	0.64	0.36	0.40	1.16	1.00	0.43	1.30	1.23	0.38	0.41	2.09	0.29	0.34	0.23	0.51	1.12	0.27
# indels per 100 kbp	2.47	0.41	0.00	0.04	0.08	0.19	0.11	0.04	0.02	0.02	0.28	0.02	0.02	0.32	0.04	0.31	0.00	0.25	0.04	0.02	2.05	0.34	0.09	0.10	0.14	0.02	0.08	0.82	0.45	0.04	0.10	0.21	0.17	0.04	0.28	0.06	0.06	0.09	0.34	0.00	0.09	1.01	0.08	0.04	0.06	0.70	0.04	0.00	0.02	0.17	0.57	0.04	0.16	0.04	0.96	0.04	0.14	0.02	0.02	0.08	0.10	0.25	0.02	0.12	0.08	0.15	0.35	0.02	0.08	0.06	0.02	0.04	0.19	0.29	0.06	0.04	0.11	0.07	0.08	0.02	0.04	0.00	0.25	0.02	0.00	0.17	32.62	0.04	0.08	0.04	1.36	3.37	3.37	0.06	0.10	0.06	0.02	0.04	0.00	0.02	0.30	0.02	0.08	0.06	0.15	0.10	0.00	0.25	0.06	0.02	0.11	0.07	0.80	0.06	0.06	0.08	0.04	0.00	0.08	0.10	0.21	0.09	0.06	1.52	0.31	0.15	0.09	0.11	0.04	0.06	0.02	0.24	0.08	0.02	0.04	0.06	0.02	0.02	0.02	0.33	0.31	0.06	0.21	0.06	0.04	0.08	0.29	0.04	0.07	0.11	0.63	0.02	0.00	0.95	0.10	0.12	0.48	0.35	0.19	0.08	0.30	0.02	0.04	0.06	0.02	1.67	0.08	0.02	0.04	0.02	0.02	2.98	0.02	0.02	0.04	0.00	0.04	0.04	0.00
Largest alignment	203420	321490	374749	503533	652984	364261	461534	716137	374675	503417	133366	234620	374628	663199	411494	356113	361736	374744	461508	716143	122743	129468	374784	148087	611490	652990	313690	340719	611490	189718	313920	440562	611488	244557	374743	652990	309630	613642	340719	501025	340719	462472	374694	461520	716137	219608	541869	255555	247226	371747	374749	716137	150560	325239	179564	374750	154569	340719	399328	519664	371744	374687	352710	374706	520772	164890	247224	118262	374744	371744	377614	281086	693430	150542	461520	202640	371747	243980	652990	673778	255252	313873	505173	374642	371744	461522	196964	362472	102954	374628	413520	251540	201979	361897	314082	362949	251649	374706	263700	374743	374233	374673	611490	325248	374697	313689	374748	340920	402379	716143	611006	378221	377937	411497	423040	569483	371747	374705	368263	325218	161810	374749	342204	504988	357969	371747	314003	238357	180233	201924	138806	413479	652984	314040	325248	229348	374643	716143	374754	374768	242795	377934	673750	268948	673778	374693	356113	673780	368503	374750	673780	348518	401960	610781	610788	374687	313770	618685	425758	118511	374641	237883	374717	716137	399334	611499	611744	613645	190524	168082	278351	450935	247607	461640	716137	314024	213877	267128	361736
Total aligned length	5101786	5141826	5263210	5265966	5260876	5129982	5275866	5275094	5355529	5315988	5080989	5222885	5393256	5237462	5251658	5221886	5218063	5286122	5261402	5275238	4916734	5328459	5284988	5050622	5125191	5241558	5232125	5273952	5285017	5158902	5188806	5261482	5329498	5232415	5310246	5259812	5313655	5293365	5265367	5197005	5293630	5357092	5247284	5264722	5280933	5177985	5199240	5265366	5296709	5250676	5109972	5274413	5039388	5223971	5287704	5262876	5132349	5272009	5137956	5315443	5234877	5286876	5258401	5196655	5324702	5218978	5123410	5045305	5243995	5244827	5315781	5245880	5328511	5183323	5318644	5199428	5255100	5397615	5254539	5271132	5159028	5174196	5251941	5289090	5245255	5278630	4055952	5236563	5086676	5376110	5228128	5110788	5080848	5288330	5261015	5249171	5261856	5207045	5229516	5231346	5409116	5308715	5288294	5258743	5325104	5263054	5174942	5253549	5267991	5282007	5340046	5412122	5363331	5248541	5247981	5276033	5261434	5290709	5310116	5245432	5269952	5266462	5172974	5246862	5190402	5210317	5284420	5340794	5107830	5122855	5141776	5359219	5253071	5302629	5218386	5201872	5268760	5268012	5210379	5209832	5159502	5438484	5273448	5329538	5279425	5270513	5258855	5216230	5334168	5261122	5273832	5261805	5239258	5243170	5200986	5181714	5166877	5365536	5370030	5213389	5320714	5199319	5312906	5280850	5254788	5260811	5274839	5136165	5396126	5126778	5260125	5301508	5215637	5262660	5286217	5310118	5259168	5256363	5218063
NA50	43145	78698	149180	183892	188070	121792	188070	188070	163748	177894	34409	92038	148119	258849	135795	124152	136049	147383	180027	188070	32952	51030	139729	35163	183883	131612	128466	160453	183882	58018	98956	169565	241098	122195	145228	187430	94927	179863	183877	148134	187940	138024	187345	164160	188070	74269	151905	92038	91629	244564	148330	188070	54248	104695	85952	187931	57206	183934	127624	148119	244564	187936	160455	156317	208729	35343	58282	34717	160457	244564	188160	80219	244564	42411	148119	50436	217704	83405	187430	241098	87321	133069	160455	244541	244564	148119	36020	134090	32494	126919	108179	81039	57480	187937	148119	133856	97989	211702	114728	149182	148325	187928	201736	128836	187928	121895	193469	159047	142218	188070	187510	183359	160455	132627	124229	144523	244564	183739	209957	115461	66501	160457	111357	244571	148135	225079	108404	68299	42497	43414	38567	187504	187430	136761	143417	110064	147335	188070	148134	145292	93755	160457	193471	92037	244541	183740	98945	183166	131621	145298	201741	142436	129073	170305	238136	147335	103642	183857	187931	37830	237944	86150	208140	188070	244564	170305	108099	160342	54974	49010	94240	164270	134012	140162	188070	143824	92057	87654	136049
NGA50	38411	74578	127992	160345	178153	114415	183973	188070	145283	160342	31275	78395	145292	244564	124229	110084	127451	145228	148119	188070	29874	44557	130606	33906	183883	124229	115739	148119	148135	48918	95030	148120	201738	109193	144453	183809	94247	148119	160454	142522	160430	124229	159043	160342	188070	67472	145395	81603	89661	244564	145243	188070	47254	92037	67687	160457	46608	160454	113619	145361	244564	187936	148119	150033	187932	34286	52428	28876	148119	244564	183856	75521	187932	38326	135461	42319	149407	79421	183810	201737	73819	124229	157923	244541	244564	145240	26140	131949	32188	109299	106327	74504	55727	183883	135898	132463	91105	205566	99557	148135	145296	187928	201736	124152	187928	105165	167771	148189	135648	188070	187510	160454	156891	132190	117924	142386	244564	156317	209957	103225	57633	149180	104774	145298	147333	187504	106649	66763	38227	39586	36428	160457	183809	130837	121817	108460	145290	188070	143787	142657	92057	160457	187937	79648	201738	163748	94365	183166	124229	143441	187937	139217	124229	148150	183727	145213	93138	183857	164664	34613	187936	75033	208140	188070	156980	148135	101049	160342	48590	45857	91566	146270	117931	136070	188070	114057	79445	73080	127451
NA90	6736	11360	28745	29712	28808	23120	41903	38550	31508	31629	6948	17202	30550	38544	24858	25871	29721	29654	24871	41903	4564	7365	26070	7993	27666	23011	16011	31185	39111	9359	12317	30602	39301	20595	26070	41903	14926	26098	31286	31180	27603	23356	35780	31132	41903	10599	35584	16417	12735	38559	34093	36858	9105	17816	12374	38544	10328	35780	24887	30602	40858	27666	27663	35583	41870	6900	12046	6880	30602	38544	31262	15498	47207	9546	30598	10694	38544	11458	43187	39301	12188	13433	40867	42830	40626	30598	-	26098	6381	19635	23653	11458	8130	35217	28348	31052	17110	43192	18616	29814	35780	43162	39302	22785	35780	23978	31180	21857	26098	43187	40299	54519	43145	22761	23549	26098	40858	28002	35780	22563	10680	35574	15001	43145	35583	32950	26070	11360	7711	8472	7778	38544	36858	24810	24836	19831	30602	38550	29721	25677	13799	56818	35780	13456	34035	35780	19047	43145	28348	35780	35583	28745	24697	32381	27301	26070	13258	37912	43145	7078	31493	17411	31254	41903	33571	30602	19792	30598	11297	9555	15271	40025	15252	28745	41903	24871	15272	12931	29721
NGA90	530	3706	13301	12045	12374	2474	18664	18233	16248	9069	737	6679	11004	24871	10618	11537	11907	2390	7806	17211	-	1927	11495	2593	14990	9802	4886	9206	12333	2660	2590	6768	28744	6112	2724	19293	6853	2349	11282	7925	7979	1153	23739	11553	18683	2390	7037	6862	6312	15869	15782	14554	1358	5817	4052	20823	2838	819	6611	6680	15869	13407	7125	24871	19295	1626	3706	1363	11458	15686	12046	3145	29811	1838	7718	3239	15686	4654	20912	28744	1147	5805	12304	19607	19295	11458	-	14768	1217	4939	9407	3746	1278	11474	5135	11458	4931	28745	5720	6596	12101	27667	17476	7097	21199	4093	15686	4594	4977	19413	27667	14183	19173	8654	8483	7410	24871	11471	14644	4801	4502	15869	5702	28745	5001	2391	11188	3662	1317	1505	2169	14926	18218	4928	4294	7058	6074	14790	7213	5516	6108	40590	15588	1391	20902	13797	3132	26476	4301	15686	11458	14297	9755	11458	14391	7089	4615	14460	15375	1011	11773	7125	15684	20414	16736	7928	8157	16010	3365	3153	3871	9562	7183	12375	19413	7750	2020	4448	11907
auNA	56718.0	99648.6	159869.7	213903.6	221303.6	129079.9	216716.9	270448.1	178563.6	206335.9	44324.7	100577.8	176463.8	264061.3	165501.2	149914.3	147951.2	171237.3	180915.5	270659.1	39440.8	55824.3	164988.5	47190.9	220219.8	181145.3	141307.1	172901.5	225075.5	67497.7	115574.1	186702.4	236846.0	125470.7	170100.6	255422.6	114699.5	226809.1	180174.2	206829.5	164323.8	164033.9	190606.0	191564.4	270634.9	91648.9	200768.9	97861.3	99343.2	213010.4	179220.1	268083.8	60046.6	112083.8	83579.7	205355.1	66439.2	179605.8	155669.4	204238.1	213362.3	196516.0	169266.8	185023.0	229503.9	45847.3	75488.4	41317.8	182710.9	216035.9	190490.1	93644.5	279390.4	56700.5	188505.8	62878.6	201473.8	96451.6	256181.9	256125.7	96708.8	139211.0	214769.5	212640.1	215814.9	182701.3	47074.0	163886.4	38344.6	152215.5	141554.8	91069.2	75127.5	185175.1	157028.6	164772.9	107016.8	207746.7	119289.3	186832.2	175619.8	200898.8	234492.3	144423.2	196727.7	140839.6	195995.7	152401.4	157121.5	270446.1	232788.8	197820.1	196423.6	157175.2	140977.7	203810.8	213876.5	185064.1	200219.3	126388.2	72597.1	201881.0	123119.1	229684.3	175184.2	203875.3	133735.9	84261.8	53366.1	58654.9	47893.4	212460.0	254749.2	145436.0	151467.2	105615.2	173272.6	267711.4	156130.4	168329.3	99816.8	190431.3	244448.0	102827.6	249929.2	183905.6	139564.3	239674.5	142744.3	189659.6	241696.8	156388.1	146511.5	219677.1	236275.7	174213.8	102599.0	221172.5	211101.6	47763.3	198097.5	89649.0	198895.3	270774.4	201805.4	219262.2	166615.4	234210.6	69310.8	58301.5	107534.4	195042.8	126559.2	193453.8	270658.7	152993.8	92161.0	99492.2	147951.2
auNGA	51940.9	93473.3	152009.0	203441.2	209643.5	118630.2	206114.5	257056.9	169943.2	194108.3	40499.1	94851.0	165668.0	250340.8	156609.9	141728.7	139679.8	157815.1	170140.3	257390.6	37035.5	51807.4	156096.1	43959.9	215111.4	171212.7	132424.9	162637.1	213377.3	62909.5	107045.2	176761.6	226560.1	117367.1	157613.9	242186.2	108104.9	209324.8	169208.4	193678.9	154046.3	150208.1	182184.9	181750.5	257502.4	86041.4	189390.5	92382.9	93838.2	201817.1	170501.9	254760.2	55039.0	104720.5	77915.6	194681.4	61772.8	162699.0	145294.5	191098.5	201143.9	188825.7	157985.4	177215.5	218379.2	42666.4	70134.2	37971.5	172631.6	204099.7	179611.0	87140.3	266467.2	52619.7	177474.6	58643.3	190720.2	90629.4	242661.8	244948.4	88317.7	131124.3	200178.9	203840.9	203906.6	172019.4	40116.5	156298.4	35377.5	141770.0	133542.3	84737.6	69978.1	174605.1	146197.6	155643.0	100091.2	200038.1	111630.5	174557.2	165747.3	193096.5	222499.0	135360.3	188013.0	131186.3	186512.9	142080.5	146867.2	257503.6	222935.6	186626.6	186172.6	148724.7	133424.5	191065.1	202651.4	175808.3	188814.7	117854.1	68115.0	191868.2	115780.4	219359.6	162957.4	185945.2	126512.2	79000.9	49204.6	54003.4	44731.2	200726.4	241235.9	135663.5	140645.2	99115.0	161815.7	254237.7	147761.2	157088.3	93938.4	182571.8	233268.9	94369.5	239400.9	174534.8	129250.9	229420.4	132867.2	179757.2	228516.4	148563.1	138403.5	206380.9	224183.2	162794.0	96590.1	208494.7	199168.8	43874.7	187392.6	84133.4	190406.7	257631.4	191206.2	206685.9	158430.6	227220.8	64684.8	54252.2	100189.0	184366.6	119839.9	183372.3	257782.4	143673.9	84987.6	93344.9	139679.8
LA50	33	20	12	9	9	15	9	8	11	9	42	18	11	7	12	12	13	11	10	8	46	33	12	40	9	12	13	11	9	27	16	10	8	14	12	8	17	9	11	9	11	13	10	10	8	20	10	20	19	9	11	8	29	17	21	9	27	11	13	10	9	10	11	10	8	43	25	44	10	9	10	21	7	32	10	31	9	20	8	8	19	13	9	9	9	11	37	11	50	13	15	20	24	10	12	12	18	9	16	10	11	10	9	13	10	13	9	12	12	8	9	10	10	12	14	10	9	10	10	15	26	9	15	8	11	9	15	23	35	33	39	9	8	13	12	18	11	8	12	11	19	11	8	18	8	10	14	9	14	10	8	13	13	9	8	10	18	10	9	39	9	21	10	8	9	9	14	9	28	31	17	10	14	10	8	12	20	19	13
LGA50	39	22	13	10	10	16	10	8	12	10	49	20	12	8	13	14	15	13	12	8	51	38	13	46	9	14	15	12	10	31	18	11	9	16	13	9	18	11	12	11	12	15	11	11	8	23	11	22	20	9	12	8	34	19	24	10	31	12	14	11	9	10	12	11	9	49	28	52	11	9	11	23	8	37	12	35	10	22	9	9	22	14	10	9	9	12	51	12	56	15	16	22	27	11	13	13	20	10	17	11	12	10	9	14	10	15	10	13	13	8	9	11	11	13	15	11	9	11	10	17	28	10	17	9	12	10	16	25	40	39	44	10	9	15	14	19	12	8	13	12	20	11	9	21	9	11	16	9	15	11	9	14	14	10	9	11	19	10	10	45	10	23	10	8	10	10	16	9	31	35	19	11	15	11	8	14	23	21	15
LA90	149	82	45	34	36	55	30	29	37	35	167	70	40	29	47	47	43	41	42	28	195	125	45	152	35	52	54	36	33	109	66	36	30	55	42	29	66	37	34	35	40	45	33	38	28	80	36	70	76	32	34	29	114	65	86	33	108	34	45	37	32	36	40	35	30	171	99	172	36	31	35	73	28	133	39	115	34	79	29	27	81	56	32	29	31	37	-	45	178	50	47	81	107	36	42	41	63	27	59	38	38	30	30	49	32	54	32	47	45	28	32	30	32	49	53	39	31	37	31	58	92	35	60	30	35	35	50	92	142	128	149	33	30	47	49	58	39	29	43	43	66	32	31	76	29	35	57	30	47	36	31	40	55	36	37	44	72	33	31	155	34	75	32	28	34	36	59	33	106	122	69	35	60	39	28	45	71	74	43
LGA90	359	125	57	46	49	104	40	38	48	52	347	97	57	37	63	62	56	93	65	38	-	220	60	226	40	69	86	53	42	171	120	52	36	85	87	39	94	85	49	51	64	136	41	52	37	137	51	96	106	41	43	40	223	98	131	42	162	124	73	59	41	47	64	42	38	273	150	296	49	41	49	126	34	214	55	167	45	119	37	34	184	88	44	36	40	52	-	56	310	83	65	129	201	51	71	55	95	32	90	59	50	36	39	75	40	87	42	81	74	37	38	40	41	68	73	60	39	50	42	89	135	44	91	37	57	78	67	141	251	228	220	43	40	77	84	86	65	40	61	69	97	37	41	161	36	46	101	36	81	45	45	53	73	49	49	66	107	46	41	302	48	104	41	37	44	51	79	39	160	182	110	49	86	53	37	67	141	110	56
