"Tool","degree_bin","frac_bin","count","total_deg","count_norm"
"Bifrost",0,"0%–5%",56,311,0.180064308681672
"Bifrost",0,"5%–10%",28,311,0.090032154340836
"Bifrost",0,"10%–15%",2,311,0.00643086816720257
"Bifrost",0,"15%–20%",3,311,0.00964630225080386
"Bifrost",0,"20%–25%",3,311,0.00964630225080386
"Bifrost",0,"25%–30%",12,311,0.0385852090032154
"Bifrost",0,"30%–35%",14,311,0.045016077170418
"Bifrost",0,"35%–40%",11,311,0.0353697749196141
"Bifrost",0,"65%–70%",1,311,0.00321543408360129
"Bifrost",0,"70%–75%",2,311,0.00643086816720257
"Bifrost",0,"75%–80%",1,311,0.00321543408360129
"Bifrost",0,"85%–90%",2,311,0.00643086816720257
"Bifrost",0,"90%–95%",19,311,0.0610932475884244
"Bifrost",0,"95%–100%",157,311,0.504823151125402
"Bifrost",1,"0%–5%",267,1068,0.25
"Bifrost",1,"5%–10%",91,1068,0.0852059925093633
"Bifrost",1,"10%–15%",42,1068,0.0393258426966292
"Bifrost",1,"15%–20%",28,1068,0.0262172284644195
"Bifrost",1,"20%–25%",27,1068,0.0252808988764045
"Bifrost",1,"25%–30%",58,1068,0.0543071161048689
"Bifrost",1,"30%–35%",57,1068,0.0533707865168539
"Bifrost",1,"35%–40%",39,1068,0.0365168539325843
"Bifrost",1,"40%–45%",2,1068,0.00187265917602996
"Bifrost",1,"45%–50%",5,1068,0.00468164794007491
"Bifrost",1,"50%–55%",3,1068,0.00280898876404494
"Bifrost",1,"55%–60%",5,1068,0.00468164794007491
"Bifrost",1,"60%–65%",3,1068,0.00280898876404494
"Bifrost",1,"65%–70%",5,1068,0.00468164794007491
"Bifrost",1,"70%–75%",10,1068,0.00936329588014981
"Bifrost",1,"75%–80%",3,1068,0.00280898876404494
"Bifrost",1,"80%–85%",7,1068,0.00655430711610487
"Bifrost",1,"85%–90%",6,1068,0.00561797752808989
"Bifrost",1,"90%–95%",38,1068,0.0355805243445693
"Bifrost",1,"95%–100%",372,1068,0.348314606741573
"Bifrost",2,"0%–5%",9585,31264,0.306582650972364
"Bifrost",2,"5%–10%",2389,31264,0.0764137666325486
"Bifrost",2,"10%–15%",924,31264,0.0295547594677584
"Bifrost",2,"15%–20%",402,31264,0.0128582395087001
"Bifrost",2,"20%–25%",546,31264,0.01746417604913
"Bifrost",2,"25%–30%",1272,31264,0.0406857727737973
"Bifrost",2,"30%–35%",1227,31264,0.039246417604913
"Bifrost",2,"35%–40%",389,31264,0.0124424257932446
"Bifrost",2,"40%–45%",132,31264,0.00422210849539406
"Bifrost",2,"45%–50%",181,31264,0.00578940634595701
"Bifrost",2,"50%–55%",147,31264,0.00470189355168884
"Bifrost",2,"55%–60%",345,31264,0.0110350562947799
"Bifrost",2,"60%–65%",220,31264,0.00703684749232344
"Bifrost",2,"65%–70%",290,31264,0.00927584442169908
"Bifrost",2,"70%–75%",586,31264,0.0187436028659161
"Bifrost",2,"75%–80%",204,31264,0.00652507676560901
"Bifrost",2,"80%–85%",166,31264,0.00530962128966223
"Bifrost",2,"85%–90%",507,31264,0.0162167349027636
"Bifrost",2,"90%–95%",1525,31264,0.0487781473899693
"Bifrost",2,"95%–100%",10227,31264,0.327117451381781
"Bifrost",3,"0%–5%",3835,12539,0.305845761224978
"Bifrost",3,"5%–10%",839,12539,0.0669112369407449
"Bifrost",3,"10%–15%",306,12539,0.0244038599569344
"Bifrost",3,"15%–20%",152,12539,0.0121221788021373
"Bifrost",3,"20%–25%",170,12539,0.0135576999760746
"Bifrost",3,"25%–30%",515,12539,0.0410718558098732
"Bifrost",3,"30%–35%",370,12539,0.0295079352420448
"Bifrost",3,"35%–40%",191,12539,0.0152324746790015
"Bifrost",3,"40%–45%",68,12539,0.00542307999042986
"Bifrost",3,"45%–50%",118,12539,0.0094106388069224
"Bifrost",3,"50%–55%",79,12539,0.00630034293005822
"Bifrost",3,"55%–60%",201,12539,0.0160299864423
"Bifrost",3,"60%–65%",73,12539,0.00582183587207911
"Bifrost",3,"65%–70%",111,12539,0.00885238057261345
"Bifrost",3,"70%–75%",251,12539,0.0200175452587926
"Bifrost",3,"75%–80%",97,12539,0.00773586410399553
"Bifrost",3,"80%–85%",103,12539,0.00821437116197464
"Bifrost",3,"85%–90%",255,12539,0.020336549964112
"Bifrost",3,"90%–95%",678,12539,0.0540712975516389
"Bifrost",3,"95%–100%",4127,12539,0.329133104713295
"Bifrost",4,"0%–5%",3968,13415,0.295788296682818
"Bifrost",4,"5%–10%",946,13415,0.0705180767797242
"Bifrost",4,"10%–15%",264,13415,0.0196794632873649
"Bifrost",4,"15%–20%",127,13415,0.0094670145359672
"Bifrost",4,"20%–25%",156,13415,0.0116287737607156
"Bifrost",4,"25%–30%",495,13415,0.0368989936638092
"Bifrost",4,"30%–35%",365,13415,0.0272083488632128
"Bifrost",4,"35%–40%",208,13415,0.0155050316809542
"Bifrost",4,"40%–45%",71,13415,0.00529258292955647
"Bifrost",4,"45%–50%",106,13415,0.00790160268356318
"Bifrost",4,"50%–55%",87,13415,0.00648527767424525
"Bifrost",4,"55%–60%",223,13415,0.0166231830040999
"Bifrost",4,"60%–65%",80,13415,0.00596347372344391
"Bifrost",4,"65%–70%",205,13415,0.015281401416325
"Bifrost",4,"70%–75%",275,13415,0.0204994409243384
"Bifrost",4,"75%–80%",83,13415,0.00618710398807305
"Bifrost",4,"80%–85%",97,13415,0.00723071188967574
"Bifrost",4,"85%–90%",250,13415,0.0186358553857622
"Bifrost",4,"90%–95%",690,13415,0.0514349608647037
"Bifrost",4,"95%–100%",4719,13415,0.351770406261647
"Bifrost",5,"0%–5%",129,368,0.35054347826087
"Bifrost",5,"5%–10%",28,368,0.0760869565217391
"Bifrost",5,"10%–15%",11,368,0.0298913043478261
"Bifrost",5,"15%–20%",11,368,0.0298913043478261
"Bifrost",5,"20%–25%",7,368,0.0190217391304348
"Bifrost",5,"25%–30%",6,368,0.016304347826087
"Bifrost",5,"30%–35%",7,368,0.0190217391304348
"Bifrost",5,"35%–40%",2,368,0.00543478260869565
"Bifrost",5,"40%–45%",3,368,0.00815217391304348
"Bifrost",5,"45%–50%",3,368,0.00815217391304348
"Bifrost",5,"50%–55%",3,368,0.00815217391304348
"Bifrost",5,"55%–60%",8,368,0.0217391304347826
"Bifrost",5,"60%–65%",3,368,0.00815217391304348
"Bifrost",5,"65%–70%",1,368,0.00271739130434783
"Bifrost",5,"70%–75%",9,368,0.0244565217391304
"Bifrost",5,"75%–80%",1,368,0.00271739130434783
"Bifrost",5,"80%–85%",5,368,0.0135869565217391
"Bifrost",5,"85%–90%",8,368,0.0217391304347826
"Bifrost",5,"90%–95%",15,368,0.0407608695652174
"Bifrost",5,"95%–100%",108,368,0.293478260869565
"Bifrost",6,"0%–5%",5,19,0.263157894736842
"Bifrost",6,"5%–10%",3,19,0.157894736842105
"Bifrost",6,"10%–15%",1,19,0.0526315789473684
"Bifrost",6,"20%–25%",1,19,0.0526315789473684
"Bifrost",6,"60%–65%",1,19,0.0526315789473684
"Bifrost",6,"70%–75%",1,19,0.0526315789473684
"Bifrost",6,"80%–85%",1,19,0.0526315789473684
"Bifrost",6,"90%–95%",1,19,0.0526315789473684
"Bifrost",6,"95%–100%",5,19,0.263157894736842
"Bifrost",7,"0%–5%",2,5,0.4
"Bifrost",7,"35%–40%",1,5,0.2
"Bifrost",7,"60%–65%",1,5,0.2
"Bifrost",7,"95%–100%",1,5,0.2
"Bifrost",8,"95%–100%",2,2,1
"Cuttlefish",1,"0%–5%",18,18,1
"Cuttlefish",2,"0%–5%",36925,65325,0.565250669728282
"Cuttlefish",2,"5%–10%",2801,65325,0.0428779181017987
"Cuttlefish",2,"10%–15%",1010,65325,0.0154611557596632
"Cuttlefish",2,"15%–20%",437,65325,0.00668962877918102
"Cuttlefish",2,"20%–25%",702,65325,0.0107462686567164
"Cuttlefish",2,"25%–30%",1791,65325,0.0274167623421355
"Cuttlefish",2,"30%–35%",761,65325,0.0116494450822809
"Cuttlefish",2,"35%–40%",303,65325,0.00463834672789897
"Cuttlefish",2,"40%–45%",168,65325,0.00257175660160735
"Cuttlefish",2,"45%–50%",212,65325,0.00324531190202832
"Cuttlefish",2,"50%–55%",194,65325,0.0029697665518561
"Cuttlefish",2,"55%–60%",363,65325,0.00555683122847302
"Cuttlefish",2,"60%–65%",277,65325,0.00424033677765021
"Cuttlefish",2,"65%–70%",349,65325,0.00534251817833907
"Cuttlefish",2,"70%–75%",746,65325,0.0114198239571374
"Cuttlefish",2,"75%–80%",254,65325,0.00388825105243016
"Cuttlefish",2,"80%–85%",206,65325,0.00315346345197091
"Cuttlefish",2,"85%–90%",632,65325,0.00967470340604669
"Cuttlefish",2,"90%–95%",1824,65325,0.0279219288174512
"Cuttlefish",2,"95%–100%",15370,65325,0.235285112897053
"Cuttlefish",3,"0%–5%",5011,24814,0.201942451841702
"Cuttlefish",3,"5%–10%",1888,24814,0.0760860804384622
"Cuttlefish",3,"10%–15%",530,24814,0.0213589102925768
"Cuttlefish",3,"15%–20%",312,24814,0.0125735471911018
"Cuttlefish",3,"20%–25%",290,24814,0.0116869509148062
"Cuttlefish",3,"25%–30%",898,24814,0.0361892480051584
"Cuttlefish",3,"30%–35%",1070,24814,0.0431208188925606
"Cuttlefish",3,"35%–40%",371,24814,0.0149512372048037
"Cuttlefish",3,"40%–45%",152,24814,0.00612557427258806
"Cuttlefish",3,"45%–50%",244,24814,0.00983315870073346
"Cuttlefish",3,"50%–55%",188,24814,0.00757636817925365
"Cuttlefish",3,"55%–60%",425,24814,0.0171274280648021
"Cuttlefish",3,"60%–65%",162,24814,0.00652857257999516
"Cuttlefish",3,"65%–70%",316,24814,0.0127347465140646
"Cuttlefish",3,"70%–75%",494,24814,0.0199081163859112
"Cuttlefish",3,"75%–80%",148,24814,0.00596437494962521
"Cuttlefish",3,"80%–85%",202,24814,0.0081405658096236
"Cuttlefish",3,"85%–90%",497,24814,0.0200290158781333
"Cuttlefish",3,"90%–95%",1486,24814,0.0598855484806964
"Cuttlefish",3,"95%–100%",10130,24814,0.408237285403401
"Cuttlefish",4,"0%–5%",3285,26297,0.124919192303305
"Cuttlefish",4,"5%–10%",1335,26297,0.0507662471004297
"Cuttlefish",4,"10%–15%",412,26297,0.0156671863710689
"Cuttlefish",4,"15%–20%",196,26297,0.00745332167167357
"Cuttlefish",4,"20%–25%",112,26297,0.00425904095524204
"Cuttlefish",4,"25%–30%",354,26297,0.0134616115906757
"Cuttlefish",4,"30%–35%",1051,26297,0.0399665361067802
"Cuttlefish",4,"35%–40%",411,26297,0.0156291592196829
"Cuttlefish",4,"40%–45%",48,26297,0.0018253032665323
"Cuttlefish",4,"45%–50%",104,26297,0.00395482374415333
"Cuttlefish",4,"50%–55%",56,26297,0.00212952047762102
"Cuttlefish",4,"55%–60%",409,26297,0.0155531049169107
"Cuttlefish",4,"60%–65%",104,26297,0.00395482374415333
"Cuttlefish",4,"65%–70%",160,26297,0.00608434422177435
"Cuttlefish",4,"70%–75%",240,26297,0.00912651633266152
"Cuttlefish",4,"75%–80%",44,26297,0.00167319466098795
"Cuttlefish",4,"80%–85%",89,26297,0.00338441647336198
"Cuttlefish",4,"85%–90%",234,26297,0.00889835342434498
"Cuttlefish",4,"90%–95%",898,26297,0.0341483819447085
"Cuttlefish",4,"95%–100%",16755,26297,0.637144921473932
"Cuttlefish",5,"0%–5%",63,702,0.0897435897435897
"Cuttlefish",5,"5%–10%",66,702,0.094017094017094
"Cuttlefish",5,"10%–15%",31,702,0.0441595441595442
"Cuttlefish",5,"15%–20%",14,702,0.0199430199430199
"Cuttlefish",5,"20%–25%",4,702,0.0056980056980057
"Cuttlefish",5,"25%–30%",6,702,0.00854700854700855
"Cuttlefish",5,"30%–35%",37,702,0.0527065527065527
"Cuttlefish",5,"35%–40%",35,702,0.0498575498575499
"Cuttlefish",5,"45%–50%",12,702,0.0170940170940171
"Cuttlefish",5,"50%–55%",3,702,0.00427350427350427
"Cuttlefish",5,"55%–60%",11,702,0.0156695156695157
"Cuttlefish",5,"60%–65%",5,702,0.00712250712250712
"Cuttlefish",5,"65%–70%",13,702,0.0185185185185185
"Cuttlefish",5,"70%–75%",11,702,0.0156695156695157
"Cuttlefish",5,"75%–80%",5,702,0.00712250712250712
"Cuttlefish",5,"80%–85%",7,702,0.00997150997150997
"Cuttlefish",5,"85%–90%",15,702,0.0213675213675214
"Cuttlefish",5,"90%–95%",34,702,0.0484330484330484
"Cuttlefish",5,"95%–100%",330,702,0.47008547008547
"Cuttlefish",6,"0%–5%",5,35,0.142857142857143
"Cuttlefish",6,"5%–10%",5,35,0.142857142857143
"Cuttlefish",6,"10%–15%",1,35,0.0285714285714286
"Cuttlefish",6,"30%–35%",1,35,0.0285714285714286
"Cuttlefish",6,"35%–40%",2,35,0.0571428571428571
"Cuttlefish",6,"90%–95%",2,35,0.0571428571428571
"Cuttlefish",6,"95%–100%",19,35,0.542857142857143
"Cuttlefish",7,"95%–100%",4,4,1
"Cuttlefish",8,"0%–5%",1,1,1
"PPanGGOLiN",1,"0%–5%",25,28,0.892857142857143
"PPanGGOLiN",1,"5%–10%",1,28,0.0357142857142857
"PPanGGOLiN",1,"35%–40%",1,28,0.0357142857142857
"PPanGGOLiN",1,"95%–100%",1,28,0.0357142857142857
"PPanGGOLiN",2,"0%–5%",1422,5437,0.26154129115321
"PPanGGOLiN",2,"5%–10%",122,5437,0.0224388449512599
"PPanGGOLiN",2,"10%–15%",53,5437,0.00974802280669487
"PPanGGOLiN",2,"15%–20%",15,5437,0.00275887437925326
"PPanGGOLiN",2,"20%–25%",20,5437,0.00367849917233769
"PPanGGOLiN",2,"25%–30%",42,5437,0.00772484826190914
"PPanGGOLiN",2,"30%–35%",66,5437,0.0121390472687144
"PPanGGOLiN",2,"35%–40%",31,5437,0.00570167371712341
"PPanGGOLiN",2,"40%–45%",3,5437,0.000551774875850653
"PPanGGOLiN",2,"45%–50%",9,5437,0.00165532462755196
"PPanGGOLiN",2,"50%–55%",2,5437,0.000367849917233769
"PPanGGOLiN",2,"55%–60%",25,5437,0.00459812396542211
"PPanGGOLiN",2,"60%–65%",18,5437,0.00331064925510392
"PPanGGOLiN",2,"65%–70%",18,5437,0.00331064925510392
"PPanGGOLiN",2,"70%–75%",23,5437,0.00423027404818834
"PPanGGOLiN",2,"75%–80%",2,5437,0.000367849917233769
"PPanGGOLiN",2,"80%–85%",4,5437,0.000735699834467537
"PPanGGOLiN",2,"85%–90%",16,5437,0.00294279933787015
"PPanGGOLiN",2,"90%–95%",66,5437,0.0121390472687144
"PPanGGOLiN",2,"95%–100%",3480,5437,0.640058855986757
"PPanGGOLiN",3,"0%–5%",178,859,0.207217694994179
"PPanGGOLiN",3,"5%–10%",27,859,0.0314318975552969
"PPanGGOLiN",3,"10%–15%",11,859,0.0128055878928987
"PPanGGOLiN",3,"15%–20%",4,859,0.00465657741559953
"PPanGGOLiN",3,"20%–25%",4,859,0.00465657741559953
"PPanGGOLiN",3,"25%–30%",13,859,0.0151338766006985
"PPanGGOLiN",3,"30%–35%",14,859,0.0162980209545984
"PPanGGOLiN",3,"35%–40%",11,859,0.0128055878928987
"PPanGGOLiN",3,"40%–45%",1,859,0.00116414435389988
"PPanGGOLiN",3,"45%–50%",1,859,0.00116414435389988
"PPanGGOLiN",3,"55%–60%",7,859,0.00814901047729918
"PPanGGOLiN",3,"60%–65%",4,859,0.00465657741559953
"PPanGGOLiN",3,"65%–70%",3,859,0.00349243306169965
"PPanGGOLiN",3,"70%–75%",4,859,0.00465657741559953
"PPanGGOLiN",3,"80%–85%",1,859,0.00116414435389988
"PPanGGOLiN",3,"85%–90%",8,859,0.00931315483119907
"PPanGGOLiN",3,"90%–95%",15,859,0.0174621653084983
"PPanGGOLiN",3,"95%–100%",553,859,0.643771827706636
"PPanGGOLiN",4,"0%–5%",74,394,0.187817258883249
"PPanGGOLiN",4,"5%–10%",10,394,0.0253807106598985
"PPanGGOLiN",4,"10%–15%",6,394,0.0152284263959391
"PPanGGOLiN",4,"15%–20%",2,394,0.0050761421319797
"PPanGGOLiN",4,"20%–25%",1,394,0.00253807106598985
"PPanGGOLiN",4,"25%–30%",9,394,0.0228426395939086
"PPanGGOLiN",4,"30%–35%",12,394,0.0304568527918782
"PPanGGOLiN",4,"35%–40%",4,394,0.0101522842639594
"PPanGGOLiN",4,"50%–55%",1,394,0.00253807106598985
"PPanGGOLiN",4,"55%–60%",3,394,0.00761421319796954
"PPanGGOLiN",4,"60%–65%",1,394,0.00253807106598985
"PPanGGOLiN",4,"65%–70%",1,394,0.00253807106598985
"PPanGGOLiN",4,"70%–75%",1,394,0.00253807106598985
"PPanGGOLiN",4,"80%–85%",2,394,0.0050761421319797
"PPanGGOLiN",4,"85%–90%",4,394,0.0101522842639594
"PPanGGOLiN",4,"90%–95%",14,394,0.0355329949238579
"PPanGGOLiN",4,"95%–100%",249,394,0.631979695431472
"PPanGGOLiN",5,"0%–5%",32,162,0.197530864197531
"PPanGGOLiN",5,"5%–10%",9,162,0.0555555555555556
"PPanGGOLiN",5,"10%–15%",5,162,0.0308641975308642
"PPanGGOLiN",5,"20%–25%",2,162,0.0123456790123457
"PPanGGOLiN",5,"25%–30%",5,162,0.0308641975308642
"PPanGGOLiN",5,"30%–35%",3,162,0.0185185185185185
"PPanGGOLiN",5,"35%–40%",3,162,0.0185185185185185
"PPanGGOLiN",5,"45%–50%",2,162,0.0123456790123457
"PPanGGOLiN",5,"55%–60%",2,162,0.0123456790123457
"PPanGGOLiN",5,"60%–65%",1,162,0.00617283950617284
"PPanGGOLiN",5,"85%–90%",1,162,0.00617283950617284
"PPanGGOLiN",5,"90%–95%",8,162,0.0493827160493827
"PPanGGOLiN",5,"95%–100%",89,162,0.549382716049383
"PPanGGOLiN",6,"0%–5%",21,99,0.212121212121212
"PPanGGOLiN",6,"5%–10%",5,99,0.0505050505050505
"PPanGGOLiN",6,"10%–15%",3,99,0.0303030303030303
"PPanGGOLiN",6,"15%–20%",1,99,0.0101010101010101
"PPanGGOLiN",6,"25%–30%",1,99,0.0101010101010101
"PPanGGOLiN",6,"30%–35%",2,99,0.0202020202020202
"PPanGGOLiN",6,"35%–40%",1,99,0.0101010101010101
"PPanGGOLiN",6,"55%–60%",2,99,0.0202020202020202
"PPanGGOLiN",6,"60%–65%",1,99,0.0101010101010101
"PPanGGOLiN",6,"70%–75%",1,99,0.0101010101010101
"PPanGGOLiN",6,"90%–95%",1,99,0.0101010101010101
"PPanGGOLiN",6,"95%–100%",60,99,0.606060606060606
"PPanGGOLiN",7,"0%–5%",8,47,0.170212765957447
"PPanGGOLiN",7,"10%–15%",1,47,0.0212765957446809
"PPanGGOLiN",7,"25%–30%",1,47,0.0212765957446809
"PPanGGOLiN",7,"30%–35%",1,47,0.0212765957446809
"PPanGGOLiN",7,"50%–55%",1,47,0.0212765957446809
"PPanGGOLiN",7,"55%–60%",1,47,0.0212765957446809
"PPanGGOLiN",7,"60%–65%",2,47,0.0425531914893617
"PPanGGOLiN",7,"70%–75%",1,47,0.0212765957446809
"PPanGGOLiN",7,"80%–85%",1,47,0.0212765957446809
"PPanGGOLiN",7,"85%–90%",1,47,0.0212765957446809
"PPanGGOLiN",7,"90%–95%",1,47,0.0212765957446809
"PPanGGOLiN",7,"95%–100%",28,47,0.595744680851064
"PPanGGOLiN",8,"0%–5%",8,27,0.296296296296296
"PPanGGOLiN",8,"5%–10%",1,27,0.037037037037037
"PPanGGOLiN",8,"25%–30%",1,27,0.037037037037037
"PPanGGOLiN",8,"90%–95%",1,27,0.037037037037037
"PPanGGOLiN",8,"95%–100%",16,27,0.592592592592593
"PPanGGOLiN",9,"0%–5%",7,34,0.205882352941176
"PPanGGOLiN",9,"5%–10%",3,34,0.0882352941176471
"PPanGGOLiN",9,"10%–15%",2,34,0.0588235294117647
"PPanGGOLiN",9,"30%–35%",1,34,0.0294117647058824
"PPanGGOLiN",9,"35%–40%",1,34,0.0294117647058824
"PPanGGOLiN",9,"55%–60%",2,34,0.0588235294117647
"PPanGGOLiN",9,"70%–75%",2,34,0.0588235294117647
"PPanGGOLiN",9,"90%–95%",1,34,0.0294117647058824
"PPanGGOLiN",9,"95%–100%",15,34,0.441176470588235
"PPanGGOLiN",10,"0%–5%",5,19,0.263157894736842
"PPanGGOLiN",10,"25%–30%",2,19,0.105263157894737
"PPanGGOLiN",10,"30%–35%",1,19,0.0526315789473684
"PPanGGOLiN",10,"85%–90%",1,19,0.0526315789473684
"PPanGGOLiN",10,"95%–100%",10,19,0.526315789473684
"Panaroo",0,"0%–5%",2,2,1
"Panaroo",1,"0%–5%",24,28,0.857142857142857
"Panaroo",1,"5%–10%",1,28,0.0357142857142857
"Panaroo",1,"10%–15%",1,28,0.0357142857142857
"Panaroo",1,"15%–20%",2,28,0.0714285714285714
"Panaroo",2,"0%–5%",1709,6277,0.27226382029632
"Panaroo",2,"5%–10%",165,6277,0.0262864425681058
"Panaroo",2,"10%–15%",88,6277,0.0140194360363231
"Panaroo",2,"15%–20%",12,6277,0.00191174127768042
"Panaroo",2,"20%–25%",33,6277,0.00525728851362116
"Panaroo",2,"25%–30%",93,6277,0.0148159949020233
"Panaroo",2,"30%–35%",32,6277,0.00509797674048112
"Panaroo",2,"35%–40%",4,6277,0.00063724709256014
"Panaroo",2,"40%–45%",9,6277,0.00143380595826032
"Panaroo",2,"45%–50%",34,6277,0.00541660028676119
"Panaroo",2,"50%–55%",35,6277,0.00557591205990123
"Panaroo",2,"55%–60%",24,6277,0.00382348255536084
"Panaroo",2,"60%–65%",3,6277,0.000477935319420105
"Panaroo",2,"65%–70%",13,6277,0.00207105305082046
"Panaroo",2,"70%–75%",16,6277,0.00254898837024056
"Panaroo",2,"75%–80%",3,6277,0.000477935319420105
"Panaroo",2,"80%–85%",7,6277,0.00111518241198025
"Panaroo",2,"85%–90%",10,6277,0.00159311773140035
"Panaroo",2,"90%–95%",73,6277,0.0116297594392226
"Panaroo",2,"95%–100%",3914,6277,0.623546280070097
"Panaroo",3,"0%–5%",249,1027,0.242453748782863
"Panaroo",3,"5%–10%",73,1027,0.071080817916261
"Panaroo",3,"10%–15%",40,1027,0.0389483933787731
"Panaroo",3,"15%–20%",7,1027,0.0068159688412853
"Panaroo",3,"20%–25%",9,1027,0.00876338851022395
"Panaroo",3,"25%–30%",25,1027,0.0243427458617332
"Panaroo",3,"30%–35%",33,1027,0.0321324245374878
"Panaroo",3,"35%–40%",5,1027,0.00486854917234664
"Panaroo",3,"40%–45%",1,1027,0.000973709834469328
"Panaroo",3,"45%–50%",10,1027,0.00973709834469328
"Panaroo",3,"50%–55%",7,1027,0.0068159688412853
"Panaroo",3,"55%–60%",7,1027,0.0068159688412853
"Panaroo",3,"60%–65%",9,1027,0.00876338851022395
"Panaroo",3,"65%–70%",9,1027,0.00876338851022395
"Panaroo",3,"70%–75%",17,1027,0.0165530671859786
"Panaroo",3,"75%–80%",5,1027,0.00486854917234664
"Panaroo",3,"80%–85%",6,1027,0.00584225900681597
"Panaroo",3,"85%–90%",10,1027,0.00973709834469328
"Panaroo",3,"90%–95%",25,1027,0.0243427458617332
"Panaroo",3,"95%–100%",480,1027,0.467380720545278
"Panaroo",4,"0%–5%",120,423,0.283687943262411
"Panaroo",4,"5%–10%",29,423,0.0685579196217494
"Panaroo",4,"10%–15%",32,423,0.0756501182033097
"Panaroo",4,"15%–20%",12,423,0.0283687943262411
"Panaroo",4,"20%–25%",14,423,0.033096926713948
"Panaroo",4,"25%–30%",19,423,0.0449172576832151
"Panaroo",4,"30%–35%",17,423,0.0401891252955083
"Panaroo",4,"35%–40%",1,423,0.00236406619385343
"Panaroo",4,"40%–45%",4,423,0.00945626477541371
"Panaroo",4,"45%–50%",7,423,0.016548463356974
"Panaroo",4,"50%–55%",2,423,0.00472813238770686
"Panaroo",4,"55%–60%",8,423,0.0189125295508274
"Panaroo",4,"60%–65%",3,423,0.00709219858156028
"Panaroo",4,"65%–70%",3,423,0.00709219858156028
"Panaroo",4,"70%–75%",5,423,0.0118203309692671
"Panaroo",4,"75%–80%",2,423,0.00472813238770686
"Panaroo",4,"80%–85%",2,423,0.00472813238770686
"Panaroo",4,"85%–90%",4,423,0.00945626477541371
"Panaroo",4,"90%–95%",19,423,0.0449172576832151
"Panaroo",4,"95%–100%",120,423,0.283687943262411
"Panaroo",5,"0%–5%",41,236,0.173728813559322
"Panaroo",5,"5%–10%",29,236,0.122881355932203
"Panaroo",5,"10%–15%",23,236,0.0974576271186441
"Panaroo",5,"15%–20%",10,236,0.0423728813559322
"Panaroo",5,"20%–25%",6,236,0.0254237288135593
"Panaroo",5,"25%–30%",11,236,0.0466101694915254
"Panaroo",5,"30%–35%",11,236,0.0466101694915254
"Panaroo",5,"35%–40%",3,236,0.0127118644067797
"Panaroo",5,"40%–45%",3,236,0.0127118644067797
"Panaroo",5,"45%–50%",4,236,0.0169491525423729
"Panaroo",5,"50%–55%",1,236,0.00423728813559322
"Panaroo",5,"55%–60%",10,236,0.0423728813559322
"Panaroo",5,"60%–65%",2,236,0.00847457627118644
"Panaroo",5,"65%–70%",3,236,0.0127118644067797
"Panaroo",5,"70%–75%",4,236,0.0169491525423729
"Panaroo",5,"75%–80%",3,236,0.0127118644067797
"Panaroo",5,"80%–85%",2,236,0.00847457627118644
"Panaroo",5,"85%–90%",4,236,0.0169491525423729
"Panaroo",5,"90%–95%",12,236,0.0508474576271186
"Panaroo",5,"95%–100%",54,236,0.228813559322034
"Panaroo",6,"0%–5%",24,151,0.158940397350993
"Panaroo",6,"5%–10%",7,151,0.0463576158940397
"Panaroo",6,"10%–15%",8,151,0.0529801324503311
"Panaroo",6,"15%–20%",10,151,0.0662251655629139
"Panaroo",6,"20%–25%",8,151,0.0529801324503311
"Panaroo",6,"25%–30%",9,151,0.0596026490066225
"Panaroo",6,"30%–35%",10,151,0.0662251655629139
"Panaroo",6,"35%–40%",5,151,0.033112582781457
"Panaroo",6,"40%–45%",5,151,0.033112582781457
"Panaroo",6,"45%–50%",1,151,0.00662251655629139
"Panaroo",6,"55%–60%",7,151,0.0463576158940397
"Panaroo",6,"60%–65%",4,151,0.0264900662251656
"Panaroo",6,"65%–70%",2,151,0.0132450331125828
"Panaroo",6,"70%–75%",3,151,0.0198675496688742
"Panaroo",6,"75%–80%",2,151,0.0132450331125828
"Panaroo",6,"80%–85%",2,151,0.0132450331125828
"Panaroo",6,"85%–90%",4,151,0.0264900662251656
"Panaroo",6,"90%–95%",11,151,0.0728476821192053
"Panaroo",6,"95%–100%",29,151,0.19205298013245
"Panaroo",7,"0%–5%",8,110,0.0727272727272727
"Panaroo",7,"5%–10%",17,110,0.154545454545455
"Panaroo",7,"10%–15%",5,110,0.0454545454545455
"Panaroo",7,"15%–20%",5,110,0.0454545454545455
"Panaroo",7,"20%–25%",7,110,0.0636363636363636
"Panaroo",7,"25%–30%",6,110,0.0545454545454545
"Panaroo",7,"30%–35%",5,110,0.0454545454545455
"Panaroo",7,"35%–40%",5,110,0.0454545454545455
"Panaroo",7,"45%–50%",3,110,0.0272727272727273
"Panaroo",7,"50%–55%",2,110,0.0181818181818182
"Panaroo",7,"55%–60%",4,110,0.0363636363636364
"Panaroo",7,"60%–65%",1,110,0.00909090909090909
"Panaroo",7,"65%–70%",8,110,0.0727272727272727
"Panaroo",7,"70%–75%",2,110,0.0181818181818182
"Panaroo",7,"80%–85%",2,110,0.0181818181818182
"Panaroo",7,"85%–90%",2,110,0.0181818181818182
"Panaroo",7,"90%–95%",6,110,0.0545454545454545
"Panaroo",7,"95%–100%",22,110,0.2
"Panaroo",8,"0%–5%",6,98,0.0612244897959184
"Panaroo",8,"5%–10%",8,98,0.0816326530612245
"Panaroo",8,"10%–15%",9,98,0.0918367346938776
"Panaroo",8,"15%–20%",5,98,0.0510204081632653
"Panaroo",8,"20%–25%",5,98,0.0510204081632653
"Panaroo",8,"25%–30%",4,98,0.0408163265306122
"Panaroo",8,"30%–35%",5,98,0.0510204081632653
"Panaroo",8,"35%–40%",4,98,0.0408163265306122
"Panaroo",8,"40%–45%",1,98,0.0102040816326531
"Panaroo",8,"45%–50%",1,98,0.0102040816326531
"Panaroo",8,"50%–55%",3,98,0.0306122448979592
"Panaroo",8,"55%–60%",2,98,0.0204081632653061
"Panaroo",8,"60%–65%",2,98,0.0204081632653061
"Panaroo",8,"65%–70%",3,98,0.0306122448979592
"Panaroo",8,"70%–75%",3,98,0.0306122448979592
"Panaroo",8,"80%–85%",2,98,0.0204081632653061
"Panaroo",8,"85%–90%",7,98,0.0714285714285714
"Panaroo",8,"90%–95%",6,98,0.0612244897959184
"Panaroo",8,"95%–100%",22,98,0.224489795918367
"Panaroo",9,"0%–5%",1,75,0.0133333333333333
"Panaroo",9,"5%–10%",7,75,0.0933333333333333
"Panaroo",9,"10%–15%",6,75,0.08
"Panaroo",9,"15%–20%",6,75,0.08
"Panaroo",9,"20%–25%",4,75,0.0533333333333333
"Panaroo",9,"25%–30%",5,75,0.0666666666666667
"Panaroo",9,"30%–35%",4,75,0.0533333333333333
"Panaroo",9,"35%–40%",2,75,0.0266666666666667
"Panaroo",9,"40%–45%",2,75,0.0266666666666667
"Panaroo",9,"45%–50%",3,75,0.04
"Panaroo",9,"50%–55%",3,75,0.04
"Panaroo",9,"55%–60%",3,75,0.04
"Panaroo",9,"65%–70%",1,75,0.0133333333333333
"Panaroo",9,"70%–75%",2,75,0.0266666666666667
"Panaroo",9,"75%–80%",2,75,0.0266666666666667
"Panaroo",9,"80%–85%",2,75,0.0266666666666667
"Panaroo",9,"85%–90%",1,75,0.0133333333333333
"Panaroo",9,"90%–95%",5,75,0.0666666666666667
"Panaroo",9,"95%–100%",16,75,0.213333333333333
"Panaroo",10,"0%–5%",2,68,0.0294117647058824
"Panaroo",10,"5%–10%",6,68,0.0882352941176471
"Panaroo",10,"10%–15%",7,68,0.102941176470588
"Panaroo",10,"15%–20%",6,68,0.0882352941176471
"Panaroo",10,"20%–25%",4,68,0.0588235294117647
"Panaroo",10,"25%–30%",2,68,0.0294117647058824
"Panaroo",10,"30%–35%",4,68,0.0588235294117647
"Panaroo",10,"35%–40%",2,68,0.0294117647058824
"Panaroo",10,"40%–45%",4,68,0.0588235294117647
"Panaroo",10,"45%–50%",3,68,0.0441176470588235
"Panaroo",10,"50%–55%",1,68,0.0147058823529412
"Panaroo",10,"55%–60%",1,68,0.0147058823529412
"Panaroo",10,"60%–65%",2,68,0.0294117647058824
"Panaroo",10,"65%–70%",3,68,0.0441176470588235
"Panaroo",10,"70%–75%",1,68,0.0147058823529412
"Panaroo",10,"80%–85%",2,68,0.0294117647058824
"Panaroo",10,"85%–90%",2,68,0.0294117647058824
"Panaroo",10,"90%–95%",5,68,0.0735294117647059
"Panaroo",10,"95%–100%",11,68,0.161764705882353
"Pangraph",0,"0%–5%",186,326,0.570552147239264
"Pangraph",0,"5%–10%",30,326,0.0920245398773006
"Pangraph",0,"10%–15%",11,326,0.0337423312883436
"Pangraph",0,"15%–20%",5,326,0.0153374233128834
"Pangraph",0,"20%–25%",2,326,0.00613496932515337
"Pangraph",0,"25%–30%",5,326,0.0153374233128834
"Pangraph",0,"30%–35%",5,326,0.0153374233128834
"Pangraph",0,"40%–45%",1,326,0.00306748466257669
"Pangraph",0,"45%–50%",1,326,0.00306748466257669
"Pangraph",0,"55%–60%",1,326,0.00306748466257669
"Pangraph",0,"60%–65%",3,326,0.00920245398773006
"Pangraph",0,"65%–70%",3,326,0.00920245398773006
"Pangraph",0,"75%–80%",1,326,0.00306748466257669
"Pangraph",0,"80%–85%",1,326,0.00306748466257669
"Pangraph",0,"85%–90%",4,326,0.0122699386503067
"Pangraph",0,"90%–95%",7,326,0.0214723926380368
"Pangraph",0,"95%–100%",60,326,0.184049079754601
"Pangraph",2,"0%–5%",331,635,0.521259842519685
"Pangraph",2,"5%–10%",27,635,0.0425196850393701
"Pangraph",2,"10%–15%",13,635,0.0204724409448819
"Pangraph",2,"15%–20%",2,635,0.0031496062992126
"Pangraph",2,"20%–25%",1,635,0.0015748031496063
"Pangraph",2,"25%–30%",13,635,0.0204724409448819
"Pangraph",2,"35%–40%",1,635,0.0015748031496063
"Pangraph",2,"45%–50%",1,635,0.0015748031496063
"Pangraph",2,"70%–75%",7,635,0.0110236220472441
"Pangraph",2,"85%–90%",2,635,0.0031496062992126
"Pangraph",2,"90%–95%",10,635,0.015748031496063
"Pangraph",2,"95%–100%",227,635,0.35748031496063
"Pangraph",3,"0%–5%",85,323,0.263157894736842
"Pangraph",3,"5%–10%",15,323,0.0464396284829721
"Pangraph",3,"10%–15%",4,323,0.0123839009287926
"Pangraph",3,"15%–20%",1,323,0.00309597523219814
"Pangraph",3,"20%–25%",3,323,0.00928792569659443
"Pangraph",3,"25%–30%",8,323,0.0247678018575851
"Pangraph",3,"30%–35%",3,323,0.00928792569659443
"Pangraph",3,"60%–65%",1,323,0.00309597523219814
"Pangraph",3,"70%–75%",4,323,0.0123839009287926
"Pangraph",3,"90%–95%",14,323,0.043343653250774
"Pangraph",3,"95%–100%",185,323,0.572755417956656
"Pangraph",4,"0%–5%",60,192,0.3125
"Pangraph",4,"5%–10%",18,192,0.09375
"Pangraph",4,"10%–15%",11,192,0.0572916666666667
"Pangraph",4,"15%–20%",2,192,0.0104166666666667
"Pangraph",4,"25%–30%",9,192,0.046875
"Pangraph",4,"30%–35%",2,192,0.0104166666666667
"Pangraph",4,"55%–60%",1,192,0.00520833333333333
"Pangraph",4,"65%–70%",1,192,0.00520833333333333
"Pangraph",4,"70%–75%",2,192,0.0104166666666667
"Pangraph",4,"80%–85%",1,192,0.00520833333333333
"Pangraph",4,"85%–90%",2,192,0.0104166666666667
"Pangraph",4,"90%–95%",6,192,0.03125
"Pangraph",4,"95%–100%",77,192,0.401041666666667
"Pangraph",5,"0%–5%",30,77,0.38961038961039
"Pangraph",5,"5%–10%",9,77,0.116883116883117
"Pangraph",5,"10%–15%",3,77,0.038961038961039
"Pangraph",5,"15%–20%",2,77,0.025974025974026
"Pangraph",5,"20%–25%",2,77,0.025974025974026
"Pangraph",5,"25%–30%",1,77,0.012987012987013
"Pangraph",5,"30%–35%",3,77,0.038961038961039
"Pangraph",5,"35%–40%",1,77,0.012987012987013
"Pangraph",5,"60%–65%",1,77,0.012987012987013
"Pangraph",5,"65%–70%",1,77,0.012987012987013
"Pangraph",5,"70%–75%",3,77,0.038961038961039
"Pangraph",5,"90%–95%",3,77,0.038961038961039
"Pangraph",5,"95%–100%",18,77,0.233766233766234
"Pangraph",6,"0%–5%",12,37,0.324324324324324
"Pangraph",6,"5%–10%",5,37,0.135135135135135
"Pangraph",6,"10%–15%",4,37,0.108108108108108
"Pangraph",6,"15%–20%",1,37,0.027027027027027
"Pangraph",6,"20%–25%",2,37,0.0540540540540541
"Pangraph",6,"25%–30%",1,37,0.027027027027027
"Pangraph",6,"55%–60%",1,37,0.027027027027027
"Pangraph",6,"60%–65%",1,37,0.027027027027027
"Pangraph",6,"90%–95%",1,37,0.027027027027027
"Pangraph",6,"95%–100%",9,37,0.243243243243243
"Pangraph",7,"0%–5%",8,23,0.347826086956522
"Pangraph",7,"5%–10%",5,23,0.217391304347826
"Pangraph",7,"10%–15%",1,23,0.0434782608695652
"Pangraph",7,"15%–20%",1,23,0.0434782608695652
"Pangraph",7,"25%–30%",1,23,0.0434782608695652
"Pangraph",7,"30%–35%",2,23,0.0869565217391304
"Pangraph",7,"95%–100%",5,23,0.217391304347826
"Pangraph",8,"0%–5%",6,17,0.352941176470588
"Pangraph",8,"5%–10%",4,17,0.235294117647059
"Pangraph",8,"10%–15%",1,17,0.0588235294117647
"Pangraph",8,"35%–40%",1,17,0.0588235294117647
"Pangraph",8,"60%–65%",1,17,0.0588235294117647
"Pangraph",8,"95%–100%",4,17,0.235294117647059
"Pangraph",9,"5%–10%",3,8,0.375
"Pangraph",9,"15%–20%",1,8,0.125
"Pangraph",9,"85%–90%",1,8,0.125
"Pangraph",9,"90%–95%",1,8,0.125
"Pangraph",9,"95%–100%",2,8,0.25
"Pangraph",10,"5%–10%",1,5,0.2
"Pangraph",10,"20%–25%",1,5,0.2
"Pangraph",10,"95%–100%",3,5,0.6
"ggCaller",0,"0%–5%",343,507,0.676528599605523
"ggCaller",0,"5%–10%",7,507,0.0138067061143984
"ggCaller",0,"10%–15%",9,507,0.0177514792899408
"ggCaller",0,"15%–20%",5,507,0.00986193293885602
"ggCaller",0,"20%–25%",4,507,0.00788954635108481
"ggCaller",0,"25%–30%",3,507,0.00591715976331361
"ggCaller",0,"30%–35%",8,507,0.0157790927021696
"ggCaller",0,"35%–40%",2,507,0.00394477317554241
"ggCaller",0,"45%–50%",2,507,0.00394477317554241
"ggCaller",0,"50%–55%",1,507,0.0019723865877712
"ggCaller",0,"55%–60%",2,507,0.00394477317554241
"ggCaller",0,"60%–65%",2,507,0.00394477317554241
"ggCaller",0,"70%–75%",1,507,0.0019723865877712
"ggCaller",0,"75%–80%",2,507,0.00394477317554241
"ggCaller",0,"85%–90%",2,507,0.00394477317554241
"ggCaller",0,"90%–95%",10,507,0.019723865877712
"ggCaller",0,"95%–100%",104,507,0.205128205128205
"ggCaller",1,"0%–5%",182,396,0.45959595959596
"ggCaller",1,"5%–10%",11,396,0.0277777777777778
"ggCaller",1,"10%–15%",6,396,0.0151515151515152
"ggCaller",1,"15%–20%",2,396,0.00505050505050505
"ggCaller",1,"25%–30%",6,396,0.0151515151515152
"ggCaller",1,"30%–35%",1,396,0.00252525252525253
"ggCaller",1,"35%–40%",1,396,0.00252525252525253
"ggCaller",1,"40%–45%",1,396,0.00252525252525253
"ggCaller",1,"50%–55%",2,396,0.00505050505050505
"ggCaller",1,"65%–70%",1,396,0.00252525252525253
"ggCaller",1,"85%–90%",3,396,0.00757575757575758
"ggCaller",1,"90%–95%",5,396,0.0126262626262626
"ggCaller",1,"95%–100%",175,396,0.441919191919192
"ggCaller",2,"0%–5%",717,4530,0.158278145695364
"ggCaller",2,"5%–10%",151,4530,0.0333333333333333
"ggCaller",2,"10%–15%",62,4530,0.0136865342163355
"ggCaller",2,"15%–20%",16,4530,0.00353200883002208
"ggCaller",2,"20%–25%",21,4530,0.00463576158940397
"ggCaller",2,"25%–30%",81,4530,0.0178807947019868
"ggCaller",2,"30%–35%",56,4530,0.0123620309050773
"ggCaller",2,"35%–40%",5,4530,0.0011037527593819
"ggCaller",2,"40%–45%",2,4530,0.000441501103752759
"ggCaller",2,"45%–50%",4,4530,0.000883002207505519
"ggCaller",2,"50%–55%",1,4530,0.00022075055187638
"ggCaller",2,"55%–60%",12,4530,0.00264900662251656
"ggCaller",2,"60%–65%",17,4530,0.00375275938189845
"ggCaller",2,"65%–70%",13,4530,0.00286975717439294
"ggCaller",2,"70%–75%",22,4530,0.00485651214128035
"ggCaller",2,"75%–80%",5,4530,0.0011037527593819
"ggCaller",2,"80%–85%",3,4530,0.000662251655629139
"ggCaller",2,"85%–90%",21,4530,0.00463576158940397
"ggCaller",2,"90%–95%",59,4530,0.0130242825607064
"ggCaller",2,"95%–100%",3262,4530,0.720088300220751
"ggCaller",3,"0%–5%",104,1361,0.0764144011756062
"ggCaller",3,"5%–10%",40,1361,0.0293901542983101
"ggCaller",3,"10%–15%",35,1361,0.0257163850110213
"ggCaller",3,"15%–20%",12,1361,0.00881704628949302
"ggCaller",3,"20%–25%",14,1361,0.0102865540044085
"ggCaller",3,"25%–30%",33,1361,0.0242468772961058
"ggCaller",3,"30%–35%",39,1361,0.0286554004408523
"ggCaller",3,"35%–40%",9,1361,0.00661278471711976
"ggCaller",3,"40%–45%",2,1361,0.0014695077149155
"ggCaller",3,"45%–50%",8,1361,0.00587803085966201
"ggCaller",3,"50%–55%",5,1361,0.00367376928728876
"ggCaller",3,"55%–60%",14,1361,0.0102865540044085
"ggCaller",3,"60%–65%",12,1361,0.00881704628949302
"ggCaller",3,"65%–70%",11,1361,0.00808229243203527
"ggCaller",3,"70%–75%",21,1361,0.0154298310066128
"ggCaller",3,"80%–85%",4,1361,0.00293901542983101
"ggCaller",3,"85%–90%",14,1361,0.0102865540044085
"ggCaller",3,"90%–95%",26,1361,0.0191036002939015
"ggCaller",3,"95%–100%",958,1361,0.703894195444526
"ggCaller",4,"0%–5%",20,417,0.0479616306954436
"ggCaller",4,"5%–10%",20,417,0.0479616306954436
"ggCaller",4,"10%–15%",18,417,0.0431654676258993
"ggCaller",4,"15%–20%",5,417,0.0119904076738609
"ggCaller",4,"20%–25%",4,417,0.00959232613908873
"ggCaller",4,"25%–30%",4,417,0.00959232613908873
"ggCaller",4,"30%–35%",19,417,0.0455635491606715
"ggCaller",4,"35%–40%",9,417,0.0215827338129496
"ggCaller",4,"40%–45%",4,417,0.00959232613908873
"ggCaller",4,"45%–50%",4,417,0.00959232613908873
"ggCaller",4,"50%–55%",2,417,0.00479616306954436
"ggCaller",4,"55%–60%",5,417,0.0119904076738609
"ggCaller",4,"60%–65%",5,417,0.0119904076738609
"ggCaller",4,"65%–70%",5,417,0.0119904076738609
"ggCaller",4,"70%–75%",6,417,0.0143884892086331
"ggCaller",4,"75%–80%",5,417,0.0119904076738609
"ggCaller",4,"80%–85%",3,417,0.00719424460431655
"ggCaller",4,"85%–90%",13,417,0.0311750599520384
"ggCaller",4,"90%–95%",26,417,0.0623501199040767
"ggCaller",4,"95%–100%",240,417,0.575539568345324
"ggCaller",5,"0%–5%",3,140,0.0214285714285714
"ggCaller",5,"5%–10%",3,140,0.0214285714285714
"ggCaller",5,"10%–15%",5,140,0.0357142857142857
"ggCaller",5,"15%–20%",1,140,0.00714285714285714
"ggCaller",5,"20%–25%",4,140,0.0285714285714286
"ggCaller",5,"25%–30%",6,140,0.0428571428571429
"ggCaller",5,"30%–35%",8,140,0.0571428571428571
"ggCaller",5,"35%–40%",3,140,0.0214285714285714
"ggCaller",5,"40%–45%",1,140,0.00714285714285714
"ggCaller",5,"55%–60%",5,140,0.0357142857142857
"ggCaller",5,"60%–65%",5,140,0.0357142857142857
"ggCaller",5,"65%–70%",2,140,0.0142857142857143
"ggCaller",5,"70%–75%",4,140,0.0285714285714286
"ggCaller",5,"75%–80%",2,140,0.0142857142857143
"ggCaller",5,"80%–85%",5,140,0.0357142857142857
"ggCaller",5,"85%–90%",6,140,0.0428571428571429
"ggCaller",5,"90%–95%",14,140,0.1
"ggCaller",5,"95%–100%",63,140,0.45
"ggCaller",6,"0%–5%",1,81,0.0123456790123457
"ggCaller",6,"5%–10%",4,81,0.0493827160493827
"ggCaller",6,"10%–15%",4,81,0.0493827160493827
"ggCaller",6,"20%–25%",1,81,0.0123456790123457
"ggCaller",6,"25%–30%",5,81,0.0617283950617284
"ggCaller",6,"30%–35%",3,81,0.037037037037037
"ggCaller",6,"35%–40%",4,81,0.0493827160493827
"ggCaller",6,"40%–45%",3,81,0.037037037037037
"ggCaller",6,"45%–50%",3,81,0.037037037037037
"ggCaller",6,"55%–60%",5,81,0.0617283950617284
"ggCaller",6,"60%–65%",3,81,0.037037037037037
"ggCaller",6,"65%–70%",2,81,0.0246913580246914
"ggCaller",6,"70%–75%",2,81,0.0246913580246914
"ggCaller",6,"80%–85%",2,81,0.0246913580246914
"ggCaller",6,"85%–90%",7,81,0.0864197530864197
"ggCaller",6,"90%–95%",7,81,0.0864197530864197
"ggCaller",6,"95%–100%",25,81,0.308641975308642
"ggCaller",7,"10%–15%",1,50,0.02
"ggCaller",7,"15%–20%",1,50,0.02
"ggCaller",7,"20%–25%",1,50,0.02
"ggCaller",7,"30%–35%",3,50,0.06
"ggCaller",7,"35%–40%",2,50,0.04
"ggCaller",7,"45%–50%",2,50,0.04
"ggCaller",7,"50%–55%",1,50,0.02
"ggCaller",7,"55%–60%",4,50,0.08
"ggCaller",7,"60%–65%",2,50,0.04
"ggCaller",7,"65%–70%",3,50,0.06
"ggCaller",7,"70%–75%",1,50,0.02
"ggCaller",7,"80%–85%",1,50,0.02
"ggCaller",7,"85%–90%",3,50,0.06
"ggCaller",7,"90%–95%",9,50,0.18
"ggCaller",7,"95%–100%",16,50,0.32
"ggCaller",8,"5%–10%",1,32,0.03125
"ggCaller",8,"10%–15%",1,32,0.03125
"ggCaller",8,"25%–30%",1,32,0.03125
"ggCaller",8,"30%–35%",1,32,0.03125
"ggCaller",8,"35%–40%",5,32,0.15625
"ggCaller",8,"40%–45%",1,32,0.03125
"ggCaller",8,"45%–50%",1,32,0.03125
"ggCaller",8,"55%–60%",1,32,0.03125
"ggCaller",8,"60%–65%",1,32,0.03125
"ggCaller",8,"70%–75%",3,32,0.09375
"ggCaller",8,"75%–80%",2,32,0.0625
"ggCaller",8,"80%–85%",1,32,0.03125
"ggCaller",8,"90%–95%",1,32,0.03125
"ggCaller",8,"95%–100%",12,32,0.375
"ggCaller",9,"10%–15%",1,27,0.037037037037037
"ggCaller",9,"20%–25%",2,27,0.0740740740740741
"ggCaller",9,"35%–40%",1,27,0.037037037037037
"ggCaller",9,"40%–45%",1,27,0.037037037037037
"ggCaller",9,"45%–50%",2,27,0.0740740740740741
"ggCaller",9,"50%–55%",1,27,0.037037037037037
"ggCaller",9,"55%–60%",1,27,0.037037037037037
"ggCaller",9,"60%–65%",1,27,0.037037037037037
"ggCaller",9,"65%–70%",2,27,0.0740740740740741
"ggCaller",9,"70%–75%",1,27,0.037037037037037
"ggCaller",9,"75%–80%",2,27,0.0740740740740741
"ggCaller",9,"80%–85%",4,27,0.148148148148148
"ggCaller",9,"90%–95%",3,27,0.111111111111111
"ggCaller",9,"95%–100%",5,27,0.185185185185185
"ggCaller",10,"10%–15%",1,32,0.03125
"ggCaller",10,"20%–25%",1,32,0.03125
"ggCaller",10,"25%–30%",1,32,0.03125
"ggCaller",10,"40%–45%",1,32,0.03125
"ggCaller",10,"60%–65%",3,32,0.09375
"ggCaller",10,"70%–75%",1,32,0.03125
"ggCaller",10,"85%–90%",8,32,0.25
"ggCaller",10,"90%–95%",6,32,0.1875
"ggCaller",10,"95%–100%",10,32,0.3125
